country|dob|hand
MAS|14/01/1997|N/A
MRI|18/02/2001|N/A
MRI|16/07/1998|N/A
DOM|04/07/2000|N/A
NED|21/11/1998|N/A
TTO|14/06/1988|N/A
FRA|17/09/1945|N/A
BEL|27/11/1998|N/A
SWE|16/02/2001|N/A
BOT|12/07/1998|N/A
SUI|06/08/1994|RightHanded
THA|07/08/1998|N/A
FRA|03/06/1949|N/A
FRA|27/08/1962|RightHanded
SIN|09/07/1997|N/A
TTO|11/03/1995|N/A
MAS|29/01/1995|N/A
MAS|27/02/1999|N/A
BEL|25/12/2001|N/A
THA|05/05/1969|RightHanded
THA|13/02/2006|N/A
THA|23/02/1998|N/A
THA|N/A|N/A
THA|30/01/1996|N/A
THA|18/10/1995|N/A
THA|05/10/1995|N/A
IND|16/12/1999|N/A
IND|05/03/1997|N/A
IND|25/12/1995|N/A
KAZ|10/11/2002|N/A
DEN|N/A|RightHanded
IND|03/02/2001|N/A
IND|11/09/1997|N/A
DEN|27/11/1976|N/A
SWE|16/05/1991|N/A
SWE|12/08/1994|N/A
SWE|20/01/1999|N/A
SWE|07/05/2001|N/A
RUS|18/06/2004|N/A
BUL|N/A|RightHanded
UZB|04/11/2004|N/A
RUS|30/06/2000|N/A
RUS|09/04/1999|N/A
CZE|03/01/1999|N/A
POL|29/12/2003|N/A
ESP|09/02/1997|N/A
GER|16/09/1993|N/A
GER|10/06/2000|N/A
IRL|N/A|RightHanded
IND|24/06/1995|N/A
LTU|27/02/2001|N/A
FRA|29/08/2000|N/A
NED|28/07/1984|RightHanded
IND|28/02/1994|N/A
IND|29/03/1989|N/A
IND|08/10/1952|N/A
GER|20/12/1958|N/A
BEL|18/08/1997|N/A
UKR|23/08/2000|N/A
FRA|21/06/1976|N/A
PER|16/01/2002|N/A
BEN|05/11/1988|N/A
BEN|28/12/1989|N/A
SWE|03/10/1996|N/A
BUL|N/A|RightHanded
GRE|18/08/1999|N/A
RSA|27/07/1995|N/A
RSA|N/A|N/A
IND|30/07/1999|N/A
EGY|07/04/1986|N/A
GER|09/07/1984|N/A
GHA|20/05/1999|N/A
GHA|25/11/1988|N/A
GHA|20/02/2003|N/A
BEL|04/08/1999|N/A
SUI|04/06/2002|N/A
BEN|05/07/1995|N/A
THA|30/03/1999|N/A
ALG|30/07/2000|RightHanded
FRA|12/02/2001|N/A
GRE|21/03/2000|N/A
NZL|02/12/1999|N/A
ALG|25/01/1996|N/A
GER|07/04/2003|N/A
FRA|19/08/1965|N/A
PYF|20/04/1986|N/A
FRA|27/07/1988|N/A
BAR|23/11/1983|N/A
CAN|01/01/1990|N/A
CAN|24/04/1979|N/A
FRA|16/01/2002|N/A
FRA|28/08/1978|N/A
FRA|26/06/2002|N/A
FRA|13/09/1972|N/A
PYF|05/04/1998|N/A
PYF|14/10/2000|N/A
MAR|26/09/1997|N/A
ENG|26/03/1962|N/A
RSA|29/10/1954|N/A
RSA|28/08/1976|N/A
THA|25/06/2000|N/A
ENG|02/08/1952|N/A
IRL|27/06/2000|N/A
NZL|14/12/1999|N/A
IRL|31/08/1997|N/A
IRL|27/03/1995|N/A
ENG|16/07/1936|N/A
ENG|24/03/1939|N/A
IRL|02/04/1975|N/A
TUR|27/12/1966|N/A
HUN|04/02/2003|N/A
NED|19/11/2000|N/A
CZE|26/06/1996|N/A
POL|13/03/1973|N/A
BEL|26/09/1998|N/A
ENG|22/12/1967|RightHanded
ENG|01/01/1980|N/A
AUS|24/05/2001|N/A
IRL|03/04/1995|N/A
BEL|27/11/1999|N/A
GUA|15/04/1996|N/A
UKR|08/09/2000|N/A
ALG|26/09/1998|N/A
INA|28/04/2001|N/A
INA|27/10/2002|N/A
ALG|31/12/1989|N/A
NGR|25/12/1998|N/A
ESP|02/11/1995|N/A
SLO|11/03/2002|N/A
POR|08/04/1984|N/A
SUI|19/11/2003|N/A
RSA|01/10/1998|N/A
BRA|10/10/2000|N/A
SUR|N/A|RightHanded
SWE|26/11/1979|N/A
DEN|29/08/1997|N/A
RSA|21/01/1996|N/A
ROU|26/06/1990|N/A
GER|28/02/2001|N/A
NCL|25/03/1994|N/A
CZE|17/09/2002|N/A
ESP|13/04/1997|N/A
DOM|29/01/1998|N/A
ENG|07/06/1997|N/A
FRA|20/01/1956|N/A
FRA|07/06/2001|N/A
IRL|30/12/1996|N/A
NED|14/08/2000|N/A
SCO|06/10/1977|RightHanded
SVK|28/08/1963|RightHanded
FRA|13/06/1992|N/A
FRA|01/03/1973|N/A
FRA|24/01/2000|N/A
FRA|30/09/1974|N/A
NED|04/05/1999|N/A
ENG|22/02/1980|N/A
ENG|21/03/1996|N/A
BEL|24/08/1989|N/A
RUS|02/05/1974|N/A
ENG|15/09/1954|N/A
ENG|03/12/1995|N/A
LAT|16/12/1970|RightHanded
FRA|15/03/1988|N/A
ENG|23/02/1992|RightHanded
SUI|21/09/2002|N/A
INA|02/01/2002|N/A
ENG|02/06/1944|N/A
FRA|24/04/2000|N/A
DOM|10/05/1999|N/A
CRO|05/04/2001|N/A
SLO|19/05/1990|N/A
MRI|09/12/1994|N/A
ENG|13/03/1996|N/A
ISL|30/05/1995|N/A
ISL|06/02/2001|N/A
ENG|13/09/1941|N/A
BEL|28/06/2001|N/A
BEL|29/01/1997|N/A
CZE|30/10/1996|N/A
RSA|03/10/1975|N/A
RSA|03/10/1981|N/A
ENG|06/09/1945|N/A
CIV|24/05/2004|N/A
FRA|14/05/2000|N/A
RUS|05/03/2001|N/A
ENG|12/02/1993|RightHanded
NZL|N/A|N/A
JAM|24/12/2001|N/A
JAM|15/01/2000|N/A
BAR|20/09/1991|N/A
IRL|12/01/1999|N/A
FAL|27/10/1989|N/A
CZE|05/05/1999|N/A
CAN|27/05/1990|RightHanded
FRA|15/08/1996|N/A
POL|26/06/1998|N/A
GER|01/01/1980|N/A
FRA|19/09/1962|N/A
FRA|17/03/1960|N/A
CZE|08/02/1998|N/A
DEN|27/10/1997|N/A
FRA|23/10/1957|N/A
BRA|20/08/2002|N/A
ENG|01/01/1980|N/A
UGA|31/07/1996|N/A
DEN|21/08/1993|RightHanded
DEN|26/02/1997|N/A
ENG|29/05/1968|N/A
SWE|21/01/2000|N/A
SLO|13/03/1996|N/A
GLD|24/04/1998|N/A
KOR|25/09/2004|N/A
THA|03/10/2000|N/A
THA|05/12/1997|N/A
THA|03/04/2001|N/A
THA|28/06/1996|N/A
DEN|03/07/1959|N/A
CRO|18/02/2006|N/A
CRO|22/12/1999|N/A
CRO|29/03/2002|N/A
IRL|01/08/1995|N/A
RSA|03/02/1960|N/A
RSA|10/02/1960|N/A
ENG|28/06/1999|N/A
MRI|22/05/2009|N/A
TUR|02/10/2003|N/A
RUS|02/02/2002|N/A
INA|06/06/2003|N/A
INA|08/05/1994|N/A
INA|03/01/2001|N/A
INA|04/01/1993|N/A
INA|06/01/2005|N/A
INA|29/04/2000|N/A
INA|11/12/1996|N/A
INA|27/02/1996|N/A
POL|28/04/2002|N/A
CZE|04/09/1996|N/A
CZE|03/04/1998|N/A
SUI|19/06/1996|RightHanded
BEL|08/01/1997|N/A
DEN|11/12/1995|N/A
DEN|16/01/1994|N/A
UKR|30/01/2004|N/A
VIE|12/11/2001|N/A
VIE|18/12/1990|N/A
VIE|09/07/2003|N/A
VIE|12/03/1998|N/A
VIE|N/A|N/A
VIE|N/A|N/A
AUS|27/02/1994|N/A
NED|25/02/2002|N/A
NCL|14/10/2002|N/A
COL|03/08/2002|N/A
GER|15/05/1969|N/A
POL|22/05/2001|N/A
INA|22/04/2002|N/A
HUN|27/08/1997|N/A
HUN|27/08/1997|N/A
POL|08/06/2000|N/A
RUS|17/07/1999|N/A
SRB|12/02/1983|N/A
UKR|01/03/1996|N/A
MGL|06/10/1999|N/A
ISR|16/04/2002|N/A
NGR|N/A|N/A
CZE|13/09/1999|N/A
UGA|23/03/1995|N/A
DEN|22/08/1997|N/A
DEN|19/01/1993|N/A
RUS|25/02/2003|N/A
GER|09/04/1959|N/A
GER|24/10/1961|N/A
THA|25/07/1996|N/A
THA|N/A|N/A
THA|24/10/1991|RightHanded
PER|05/08/1998|N/A
ENG|22/11/1998|N/A
CZE|08/10/1998|N/A
SWE|26/02/1995|N/A
SWE|25/07/1997|N/A
GER|12/02/1993|N/A
ENG|27/09/1994|N/A
MEX|15/06/1999|N/A
SUI|25/04/1995|RightHanded
UKR|10/04/2003|N/A
UKR|N/A|N/A
GER|02/12/1970|N/A
BAR|11/09/1999|N/A
WAL|N/A|RightHanded
ZIM|11/03/2003|N/A
UKR|14/05/1994|N/A
DEN|15/03/2001|N/A
DEN|27/02/1997|N/A
GER|10/12/1998|N/A
GER|23/02/1962|N/A
KAZ|13/03/2005|N/A
RUS|14/07/1956|N/A
SUI|23/01/2002|N/A
ARG|28/09/2000|N/A
ESP|13/12/1999|N/A
RUS|15/12/2000|N/A
FRA|14/07/1996|N/A
SVK|12/05/2003|N/A
RUS|07/01/1996|N/A
TTO|12/07/1995|N/A
CRO|25/03/1998|N/A
LTU|19/07/1962|RightHanded
ENG|07/10/1996|N/A
ENG|28/01/2003|N/A
RSA|04/03/1983|N/A
RUS|10/07/1994|N/A
KAZ|24/02/2004|N/A
ENG|30/09/1951|N/A
PAK|19/07/1995|N/A
GER|06/08/1957|N/A
MGL|07/12/2004|N/A
TUR|10/11/1955|N/A
TUR|01/07/1951|N/A
TUR|24/10/2001|N/A
TUR|19/03/2003|N/A
RUS|02/04/1949|N/A
THA|01/01/1980|N/A
ZAM|11/04/1995|N/A
ZAM|28/11/2003|N/A
MGL|15/06/1998|N/A
MGL|07/07/2002|N/A
MGL|22/04/1996|N/A
MGL|07/02/2002|N/A
UGA|N/A|N/A
RUS|03/02/2004|N/A
ENG|15/02/1972|N/A
UGA|01/01/1980|N/A
KOR|01/09/2004|N/A
DEN|03/10/2000|N/A
RUS|06/02/2002|N/A
IRL|06/06/1973|N/A
IRL|26/04/2002|N/A
IRL|09/08/2002|N/A
KOR|24/03/1998|N/A
KOR|23/06/1998|N/A
KOR|19/09/2006|N/A
KOR|09/03/1998|N/A
KOR|24/08/1995|N/A
KOR|28/07/2007|N/A
KOR|11/04/2003|N/A
DEN|10/09/1999|N/A
DEN|10/09/1999|N/A
DEN|07/03/1997|N/A
DEN|06/12/1999|RightHanded
IND|08/12/1995|N/A
IND|11/05/1976|N/A
ESP|15/04/1972|N/A
PHI|18/09/2000|N/A
ESP|13/05/1994|N/A
FRA|13/07/1992|N/A
BEL|04/01/2002|N/A
DOM|N/A|N/A
GUA|27/06/2001|N/A
DOM|31/01/1995|N/A
CUB|13/06/2004|N/A
GUA|23/12/1974|N/A
PUR|14/09/1996|N/A
CZE|12/08/2002|N/A
CZE|02/06/2001|N/A
SEY|17/03/1996|N/A
INA|17/04/2000|N/A
INA|04/12/1968|N/A
INA|25/02/2003|N/A
INA|01/01/1980|N/A
INA|25/03/2001|N/A
INA|28/04/2004|N/A
INA|03/03/2006|N/A
INA|12/04/1996|N/A
TPE|30/07/1997|N/A
CHN|15/11/1999|RightHanded
CHN|19/01/1980|RightHanded
RSA|23/03/1964|N/A
COL|26/03/1998|N/A
FRA|18/04/1994|N/A
FRA|22/07/1999|N/A
TUR|01/01/2002|N/A
TUR|07/04/2001|N/A
VEN|23/06/2000|N/A
VEN|31/12/1997|N/A
VEN|19/03/1995|N/A
NZL|04/04/1998|N/A
ENG|01/01/1980|N/A
MLT|28/11/1989|N/A
TUR|N/A|N/A
ROU|12/08/1999|N/A
TUR|05/02/2000|N/A
NED|25/01/1995|RightHanded
ESP|15/09/1996|N/A
MRI|11/07/1997|N/A
MEX|25/03/1996|N/A
TUR|20/01/1953|N/A
COL|05/05/1990|N/A
VEN|01/01/1980|N/A
ENG|11/04/1949|N/A
CRC|29/04/2001|N/A
SCO|27/04/2001|N/A
NCL|03/12/1989|N/A
SEY|26/06/1992|N/A
PER|25/11/2001|N/A
PER|12/01/2001|N/A
SUI|16/06/1961|N/A
SCO|14/09/2002|RightHanded
USA|08/06/1990|N/A
SCO|21/06/1955|N/A
SCO|28/07/1992|N/A
CAN|01/01/1997|N/A
SCO|26/07/1990|RightHanded
IRL|18/01/1969|N/A
MEX|08/07/2003|N/A
BRA|02/09/1994|RightHanded
VEN|17/03/1999|N/A
CHI|15/08/1997|N/A
POR|13/11/2002|N/A
POR|13/01/1998|N/A
MRI|23/04/1999|N/A
MRI|21/06/1997|N/A
INA|17/07/1995|N/A
INA|01/01/2002|N/A
PHI|29/02/2000|N/A
UGA|31/12/2003|N/A
ESA|12/09/2000|N/A
JEY|21/03/1979|N/A
INA|07/11/2002|N/A
BEL|12/05/1999|N/A
FRA|30/08/2001|N/A
SGP|10/11/2004|N/A
TPE|07/06/2000|N/A
CHN|14/05/2001|N/A
VIE|17/08/2003|N/A
CHN|13/02/1998|N/A
TUR|20/02/1999|N/A
NRU|21/09/1999|N/A
ARG|13/05/2002|N/A
ITA|26/03/1999|N/A
BRA|27/01/2001|N/A
CRO|19/06/2001|N/A
DOM|16/03/1997|N/A
ESP|06/05/2000|N/A
FRA|02/08/1999|N/A
COL|02/10/2000|N/A
SCO|16/06/1993|RightHanded
ESP|27/11/2001|N/A
POR|25/10/1999|N/A
POR|11/05/1999|N/A
FRA|25/10/1985|N/A
SWE|23/04/1948|N/A
ENG|29/10/1949|N/A
ESA|31/10/1998|N/A
DEN|21/09/1995|N/A
SWE|05/05/1963|RightHanded
FRO|23/05/1995|N/A
SWE|24/03/2000|N/A
FRO|28/02/1991|N/A
SWE|19/12/1959|N/A
SWE|27/10/1988|N/A
DOM|28/04/1993|N/A
INA|29/07/2001|N/A
ENG|16/05/1962|N/A
BEL|02/07/2000|N/A
PER|24/03/1997|N/A
PER|30/12/1975|N/A
ESP|26/10/1971|RightHanded
ESP|11/08/2003|N/A
POR|14/07/2001|N/A
POR|22/01/2001|N/A
POR|01/10/1994|N/A
BRA|06/11/1997|N/A
POR|17/07/1956|N/A
ENG|18/02/2001|N/A
MRI|20/07/1972|N/A
MRI|29/12/2009|N/A
VEN|10/11/1999|N/A
SCO|23/02/1981|N/A
FRA|16/12/1999|N/A
MEX|N/A|N/A
BRA|22/09/2000|N/A
MLT|14/10/2001|N/A
TTO|13/07/2001|N/A
TTO|29/06/2001|N/A
FRA|26/05/1980|N/A
TTO|30/06/1989|N/A
COL|18/11/1996|N/A
IND|23/12/1984|N/A
VEN|11/02/1999|N/A
COL|23/08/1997|N/A
GUA|18/01/1997|N/A
CHI|18/01/2001|N/A
DOM|22/12/1967|N/A
PER|07/12/1999|RightHanded
MEX|01/11/1992|N/A
GUA|12/12/1999|N/A
PER|01/05/2001|N/A
ENG|16/08/2004|N/A
COL|21/12/1995|N/A
DOM|22/12/1998|N/A
SUI|23/04/1964|N/A
AUS|11/12/1990|N/A
BEL|13/05/2002|N/A
POR|30/01/1998|N/A
POR|28/08/1998|N/A
SGP|24/09/1975|N/A
CRC|09/09/1997|N/A
ITA|05/06/1998|N/A
TUR|01/03/1995|N/A
PHI|17/04/1995|N/A
USA|26/02/2001|N/A
NCL|07/08/2001|N/A
ESP|29/11/1990|N/A
POR|02/09/2000|N/A
TUR|10/03/1997|N/A
VEN|21/03/1997|N/A
FRA|26/07/1997|N/A
TUR|26/05/1995|N/A
TUR|01/01/2004|N/A
TUR|24/03/1994|N/A
TUR|01/01/1994|N/A
TUR|21/06/2000|N/A
ESA|22/08/1999|N/A
CHI|12/03/2001|N/A
LTU|24/02/1997|N/A
ENG|N/A|N/A
TUR|28/01/1998|N/A
CRO|28/08/2000|N/A
SLO|30/06/1997|N/A
SLO|23/08/1999|N/A
CZE|25/01/1994|N/A
MDA|18/09/2000|N/A
DOM|15/02/1998|N/A
SLO|17/10/2001|N/A
TUR|N/A|N/A
TUR|31/07/2001|N/A
TUR|10/05/1997|N/A
TUR|05/06/2001|N/A
TUR|11/02/1994|N/A
MAS|02/11/1999|N/A
IND|08/05/1994|N/A
KOR|07/12/2002|N/A
KOR|06/12/1999|N/A
KOR|14/02/2002|N/A
KOR|30/07/1997|N/A
BOT|01/03/1999|N/A
COL|05/07/2003|N/A
CZE|05/04/2002|N/A
MRI|04/12/1979|N/A
KOR|08/12/2001|N/A
KOR|12/01/2005|N/A
KOR|14/08/2007|N/A
KOR|09/05/1995|LeftHanded
KOR|19/05/2000|N/A
KOR|12/12/2005|N/A
KOR|10/09/1994|N/A
INA|08/01/2003|N/A
IND|19/05/1994|N/A
IRI|07/02/2001|N/A
CHN|10/10/1990|RightHanded
USA|02/10/1997|N/A
MAS|04/09/1998|N/A
NZL|25/10/1996|N/A
MAS|08/07/1999|N/A
THA|23/03/2004|N/A
THA|21/10/1998|N/A
THA|28/04/2000|N/A
FRA|17/03/1991|N/A
FRA|11/02/2002|N/A
IND|06/01/1994|N/A
INA|11/06/2003|N/A
THA|19/05/1995|N/A
INA|24/10/2002|N/A
INA|24/08/2002|N/A
THA|26/01/2001|N/A
THA|26/01/2001|N/A
THA|21/02/2001|N/A
IND|09/07/1996|N/A
UKR|17/10/1998|N/A
IND|20/07/2003|N/A
IND|01/11/1993|N/A
ENG|12/09/1998|N/A
THA|N/A|N/A
THA|N/A|N/A
ECU|21/11/1997|N/A
IND|10/01/2000|N/A
IND|18/10/1999|N/A
IRL|01/02/1992|N/A
IRL|04/02/1994|N/A
THA|10/09/2002|N/A
THA|01/08/1998|N/A
THA|02/10/2000|N/A
BOT|16/07/1993|N/A
AUS|05/03/1998|N/A
HKG|10/12/1985|N/A
HKG|17/12/1991|N/A
TPE|31/10/2003|N/A
AUS|20/12/1991|N/A
HKG|02/10/1990|RightHanded
TPE|05/11/2003|N/A
MAS|20/01/2003|N/A
AUS|08/10/1993|N/A
MAS|30/03/1995|N/A
SGP|04/03/2001|N/A
NZL|29/02/1988|RightHanded
MAS|27/04/1988|RightHanded
HKG|31/07/2006|N/A
SCO|13/06/2001|N/A
MAS|11/02/2001|N/A
CAN|18/07/1991|N/A
CAN|25/09/1998|N/A
AUS|27/10/1979|N/A
SIN|18/07/1998|N/A
MAC|19/10/1997|N/A
USA|16/12/1996|N/A
MAS|20/01/1954|N/A
USA|13/12/1990|N/A
HKG|07/08/2005|N/A
HKG|05/07/2005|N/A
MAS|12/04/1999|N/A
SUR|03/12/1973|N/A
TPE|07/01/2000|N/A
NZL|14/05/1959|N/A
USA|02/06/1988|N/A
AUS|06/10/1997|N/A
CAN|09/01/1995|N/A
MAS|18/06/1994|N/A
HKG|03/01/1997|N/A
HKG|07/01/1999|N/A
AUS|05/12/2010|N/A
AUS|29/12/1998|N/A
CAN|08/04/2001|N/A
HKG|18/05/1998|N/A
USA|04/02/1996|N/A
HKG|24/02/2005|N/A
HKG|26/09/2000|N/A
HKG|N/A|N/A
CAN|03/07/1994|N/A
FIJ|30/06/2001|N/A
TPE|21/09/2001|N/A
SIN|23/10/2000|N/A
HKG|18/09/1991|N/A
FRA|06/09/1993|N/A
NZL|19/05/1987|N/A
MRI|04/11/1991|N/A
MYA|15/05/1997|N/A
MRI|04/11/1991|N/A
IRL|21/02/2001|N/A
IND|01/01/1955|N/A
NEP|03/12/1981|N/A
SIN|25/07/2000|N/A
NEP|25/12/1999|N/A
ZAM|20/01/2001|N/A
THA|18/01/1997|N/A
THA|01/01/1980|N/A
IND|10/05/1992|N/A
INA|11/07/1980|RightHanded
INA|23/01/2001|N/A
IND|05/02/1997|N/A
IND|18/10/1992|N/A
IND|23/06/2000|N/A
SRI|03/03/2000|N/A
FRA|28/06/1996|N/A
MRI|06/03/1975|N/A
FRA|20/10/1984|N/A
TPE|17/05/1996|RightHanded
MAS|15/07/1997|N/A
TPE|17/07/1960|RightHanded
TPE|03/10/1997|N/A
TPE|21/09/1997|N/A
TPE|12/10/1999|N/A
NZL|08/08/1985|N/A
MAS|28/05/2000|N/A
HKG|18/06/2005|N/A
TPE|28/12/1997|N/A
KOR|11/04/2006|N/A
TPE|07/11/2000|N/A
TPE|17/07/1999|N/A
TPE|10/08/2000|N/A
TPE|16/10/2003|N/A
TPE|28/08/2005|N/A
TPE|02/08/2004|N/A
TPE|06/07/1996|N/A
TPE|05/06/1986|N/A
MAS|16/05/1962|N/A
HKG|22/01/1995|RightHanded
TPE|26/01/1998|N/A
TPE|30/09/1999|N/A
KOR|13/12/1989|LeftHanded
TPE|27/08/2000|N/A
TPE|24/06/2001|N/A
MAS|13/04/1996|N/A
MAS|01/07/1997|N/A
POR|08/10/2001|N/A
TPE|15/06/1998|N/A
TPE|30/06/1996|N/A
TPE|21/11/1995|RightHanded
TPE|29/10/2002|N/A
TPE|15/01/1996|N/A
POR|13/05/1998|N/A
TPE|24/04/2003|N/A
TPE|01/03/2003|N/A
TPE|10/09/1996|N/A
TPE|12/02/2001|N/A
TPE|11/04/1996|RightHanded
TPE|07/09/2000|N/A
TPE|06/10/2002|N/A
TPE|16/04/1995|N/A
MAS|22/03/1988|N/A
AUS|01/12/1989|N/A
MAS|08/11/1996|N/A
TPE|N/A|N/A
GUY|28/02/1997|N/A
MRI|14/11/2004|N/A
INA|30/05/2000|N/A
THA|13/01/2002|N/A
THA|03/09/2004|N/A
ENG|12/01/2000|N/A
THA|08/10/1998|N/A
THA|18/12/1961|N/A
THA|20/10/1961|N/A
THA|24/12/2003|N/A
FRA|29/09/1956|N/A
GRE|04/09/1999|N/A
TPE|10/08/2003|N/A
TPE|05/10/2000|N/A
TPE|02/11/1999|N/A
TPE|24/05/1997|N/A
TPE|08/12/2003|N/A
TPE|19/01/2001|N/A
TPE|09/07/1996|N/A
TPE|21/12/1996|N/A
TPE|30/07/2003|N/A
THA|14/05/2003|N/A
FRA|20/02/1969|N/A
BUL|N/A|N/A
ENG|29/05/1951|N/A
ENG|22/05/2000|N/A
ENG|22/05/2000|N/A
NZL|N/A|N/A
GRE|N/A|N/A
CYP|19/06/2002|N/A
CYP|26/06/1996|N/A
FRA|29/06/1971|N/A
TTO|25/10/1961|RightHanded
ZAM|N/A|N/A
NZL|N/A|N/A
THA|24/01/1992|N/A
THA|15/04/1997|N/A
THA|28/07/1998|N/A
GER|21/11/1994|N/A
MAR|01/01/1980|N/A
CAN|02/10/1989|N/A
THA|15/11/1970|N/A
THA|14/10/1999|N/A
THA|21/12/2000|N/A
IRQ|08/11/2002|N/A
IRQ|12/02/1996|N/A
THA|05/01/1999|N/A
IND|04/05/1960|N/A
THA|16/08/2005|N/A
THA|04/06/1998|N/A
IND|05/09/1994|N/A
GRE|28/06/2002|N/A
CAN|06/08/2002|N/A
AUS|09/11/1994|RightHanded
HKG|05/06/1986|LeftHanded
FRA|25/09/1997|N/A
IND|05/05/1993|N/A
ENG|10/06/2002|N/A
IND|09/11/1998|N/A
IND|29/03/1997|N/A
PAK|08/04/1981|N/A
IND|01/03/1988|N/A
IND|15/12/1970|N/A
IND|07/01/2000|N/A
IND|14/08/1996|N/A
IND|05/08/1998|N/A
IND|30/06/1999|N/A
IND|21/02/1977|N/A
IND|07/06/1997|N/A
FRA|26/02/1997|N/A
IND|22/05/2000|N/A
BUL|25/05/1974|N/A
BUL|23/01/2000|N/A
COL|29/12/1992|N/A
IND|27/12/1987|N/A
THA|23/02/2002|N/A
FRA|07/11/1996|N/A
SWE|08/08/1998|N/A
CAN|23/03/1995|N/A
CAN|12/11/1996|N/A
MAC|30/09/2000|N/A
SGP|07/02/2002|N/A
MAS|19/06/1993|RightHanded
MAS|18/11/1995|RightHanded
MAS|08/09/1989|N/A
MAS|23/01/1997|RightHanded
SIN|17/02/2004|N/A
THA|20/09/1999|N/A
THA|07/03/2002|N/A
THA|06/08/1999|N/A
ALG|13/10/2002|N/A
IND|25/10/1964|N/A
TPE|23/01/1993|N/A
TPE|07/11/1996|N/A
CHN|14/02/1999|N/A
AUS|02/07/1997|N/A
TPE|07/01/2002|N/A
TPE|18/04/1996|N/A
CHN|18/02/1990|N/A
SIN|09/09/1989|N/A
TPE|24/09/2002|N/A
TPE|21/03/1997|N/A
TPE|N/A|N/A
TPE|19/10/1998|N/A
INA|16/05/2003|N/A
CHN|24/04/1998|RightHanded
CAN|13/09/1996|N/A
AUS|13/02/1995|N/A
TPE|31/07/2000|N/A
TPE|26/12/2002|N/A
AUS|13/03/2003|N/A
CHN|17/01/1998|N/A
CHN|18/04/2001|N/A
AUS|25/01/2004|N/A
CHN|10/10/1997|N/A
NED|29/03/1996|N/A
CHN|18/01/1989|RightHanded
CAN|25/11/1992|N/A
TPE|25/10/1998|N/A
MAS|05/01/1998|RightHanded
NZL|13/07/2003|N/A
NZL|28/01/1998|N/A
CHN|04/02/1998|N/A
TPE|07/09/1979|N/A
TPE|24/04/2000|N/A
TPE|20/05/1998|N/A
TPE|01/10/1999|N/A
CHN|21/09/1997|N/A
MAS|25/01/1997|N/A
USA|10/10/1999|N/A
CHN|08/08/2001|N/A
TPE|01/06/1997|N/A
TPE|07/01/1993|N/A
TPE|27/02/2004|N/A
CHN|27/02/2000|N/A
TPE|01/11/2000|N/A
TPE|30/03/2000|N/A
TPE|13/09/2002|N/A
TPE|14/08/2002|N/A
TPE|12/03/1987|RightHanded
CAN|13/06/1995|N/A
TPE|01/09/1999|N/A
CHN|30/04/2000|N/A
TPE|15/09/2000|N/A
TPE|14/02/2000|N/A
NZL|20/11/2002|N/A
TPE|19/12/1997|N/A
TPE|11/12/1997|N/A
TPE|22/05/2004|N/A
SUR|20/03/2002|N/A
TPE|11/06/2000|N/A
TPE|27/03/1998|N/A
CHN|02/11/2000|N/A
RSA|18/08/1992|N/A
CHN|N/A|N/A
AUS|02/11/1999|N/A
CHN|18/12/1997|N/A
TPE|19/11/2003|N/A
AUS|06/01/1993|RightHanded
AUS|26/09/1988|N/A
CHN|18/04/2000|N/A
TPE|08/11/2003|N/A
TPE|05/03/2002|N/A
TPE|21/09/1996|N/A
TPE|30/01/2001|N/A
TPE|10/02/1986|RightHanded
CHN|11/06/1996|N/A
CAN|08/02/1988|N/A
SIN|16/02/1991|RightHanded
AUS|08/02/2002|N/A
TPE|25/10/1998|N/A
CAN|27/09/1994|N/A
TPE|07/10/1999|N/A
TPE|11/02/2002|N/A
BRA|N/A|N/A
TPE|17/05/2000|N/A
CHN|05/01/2001|N/A
CHN|01/01/1980|N/A
TPE|12/12/1997|N/A
TPE|30/10/2000|N/A
TPE|16/06/2000|N/A
TPE|01/12/2000|N/A
CAN|16/01/2001|N/A
CHN|01/03/1998|RightHanded
TPE|10/04/2000|N/A
TPE|30/12/1996|N/A
MAS|27/01/1997|N/A
NZL|N/A|N/A
TPE|22/03/1997|N/A
TPE|25/09/1997|N/A
CHN|03/08/2002|N/A
TPE|02/09/1997|N/A
CHN|26/01/1995|N/A
CHN|23/06/1997|RightHanded
TPE|20/06/2000|N/A
TPE|10/09/2001|N/A
TPE|05/09/1997|N/A
TPE|11/09/1994|N/A
TPE|N/A|N/A
USA|16/05/1997|N/A
TPE|26/11/2003|N/A
NZL|26/07/2000|N/A
TPE|24/04/1997|LeftHanded
CHN|05/06/1999|N/A
CAN|22/09/1992|N/A
TPE|09/06/1996|N/A
CHN|06/05/2000|N/A
CHN|12/07/1996|N/A
TPE|05/09/2003|N/A
TPE|07/07/1997|N/A
TPE|18/10/1998|N/A
CRC|24/07/1997|N/A
TPE|N/A|N/A
PER|25/06/2000|N/A
FRA|12/02/1957|N/A
BHU|28/07/1997|N/A
INA|19/02/2002|N/A
TPE|16/01/1995|RightHanded
CHN|N/A|N/A
TPE|20/01/2005|N/A
TPE|29/02/2000|N/A
TPE|24/02/1982|RightHanded
USA|02/09/1976|N/A
NZL|N/A|N/A
TPE|28/09/2004|N/A
TPE|04/01/1986|RightHanded
TPE|11/04/2001|N/A
SGP|30/06/2000|N/A
ENG|14/02/1994|N/A
MAS|16/06/2003|N/A
HKG|25/02/2003|N/A
USA|05/09/1996|N/A
CAN|18/01/1998|N/A
TPE|13/10/2002|N/A
TPE|16/06/1951|N/A
SGP|19/04/2003|N/A
SGP|25/05/1999|N/A
TPE|07/12/1999|N/A
TPE|26/12/1992|RightHanded
NZL|10/06/2002|N/A
CHN|N/A|N/A
MAS|16/06/2003|N/A
TPE|13/10/2002|N/A
CAN|07/07/1995|N/A
TPE|01/01/1980|N/A
ENG|N/A|RightHanded
FRA|08/03/1976|N/A
KOR|28/03/2003|N/A
KOR|01/08/2005|N/A
KOR|01/12/2004|N/A
KOR|20/04/2000|N/A
KOR|09/07/2004|N/A
AUS|16/03/1986|N/A
MAC|22/05/2003|N/A
MAS|04/02/2003|N/A
MAS|15/03/1998|N/A
BUL|27/11/2004|N/A
IND|19/05/1980|N/A
IND|05/03/1977|N/A
BRN|05/03/1977|N/A
BRN|02/09/1997|N/A
RUS|25/06/1998|N/A
BLR|29/05/1992|N/A
RUS|10/05/1948|N/A
KAZ|08/03/2003|N/A
RUS|15/01/2001|N/A
RUS|14/06/1992|RightHanded
RUS|01/07/2010|N/A
RUS|28/09/1997|N/A
ISR|N/A|N/A
UGA|27/12/2006|N/A
CAN|02/05/2002|N/A
CAN|06/10/2000|N/A
HKG|04/04/1994|N/A
CAN|19/02/2000|N/A
CAN|18/10/2002|N/A
SCO|05/05/2002|N/A
HKG|27/04/1993|RightHanded
USA|06/07/1995|N/A
AUS|04/03/1992|N/A
HKG|23/04/2002|N/A
HKG|18/02/2003|N/A
ENG|19/12/1991|N/A
CAN|09/10/1996|N/A
ECU|10/01/1999|N/A
FRA|08/06/1989|N/A
USA|12/08/1996|N/A
USA|30/05/2004|N/A
MAS|10/12/2005|N/A
MAS|28/07/2003|N/A
MAS|26/12/2003|N/A
MAS|21/03/2000|N/A
USA|16/05/1994|RightHanded
AUS|11/10/1994|N/A
MAS|15/06/2000|N/A
SIN|07/02/2000|N/A
SUI|05/01/1997|N/A
IND|09/07/1994|N/A
IND|24/08/1994|N/A
USA|05/08/1996|N/A
USA|09/10/2004|N/A
TPE|21/11/2002|N/A
USA|30/01/2001|N/A
TPE|N/A|N/A
TPE|25/06/1997|N/A
VIE|05/02/1980|N/A
MAS|24/02/1997|RightHanded
SGP|09/11/2004|N/A
MAS|03/01/2000|N/A
MAS|20/07/2003|N/A
INA|29/08/1997|N/A
MAS|12/01/1999|N/A
MAS|23/02/1995|N/A
SIN|27/03/2003|N/A
TPE|N/A|N/A
TPE|19/08/1997|N/A
MAS|12/01/1990|N/A
USA|30/03/1999|N/A
TPE|18/08/1997|N/A
TPE|20/09/1995|N/A
USA|16/04/1997|N/A
TPE|01/01/1990|LeftHanded
TPE|11/05/1995|N/A
TPE|14/05/2001|N/A
TPE|08/10/1992|RightHanded
TPE|12/05/2001|N/A
INA|30/08/2004|N/A
JPN|08/09/2001|N/A
ALG|23/11/1999|N/A
IND|31/01/2001|N/A
JPN|18/01/1990|N/A
TPE|07/09/2002|N/A
TPE|12/08/1999|N/A
HKG|31/03/2001|N/A
TPE|22/12/2004|N/A
TPE|11/01/2002|N/A
ENG|02/07/1996|N/A
TPE|24/10/1982|RightHanded
MAS|22/02/1996|N/A
MAS|25/08/1998|N/A
MAS|25/08/1998|N/A
THA|10/07/1997|N/A
BRA|22/08/2012|N/A
THA|17/12/2003|N/A
RUS|10/01/1996|N/A
RUS|05/09/1998|N/A
JPN|17/04/1999|N/A
ZAM|19/04/1989|N/A
ZAM|01/07/1998|N/A
BUL|06/09/2001|N/A
ESP|16/06/2001|N/A
ZAM|12/04/1987|N/A
AUS|07/11/1997|N/A
ZAM|05/10/1990|N/A
MAS|24/03/2000|N/A
MAS|25/03/1995|RightHanded
CAN|18/06/2001|N/A
MAS|16/09/2002|N/A
SGP|15/07/2003|N/A
MAS|17/07/1988|N/A
AUS|17/12/2001|N/A
AUS|22/01/1999|N/A
MAS|29/06/1997|N/A
MAS|20/05/1997|N/A
MAS|10/03/2001|N/A
MAS|27/09/1942|N/A
IND|01/03/1950|N/A
IND|01/03/1956|N/A
MRI|31/01/2003|N/A
THA|21/04/1942|N/A
GRE|08/12/2000|N/A
MGL|21/01/2004|N/A
MAC|22/01/2003|N/A
AUS|07/09/1999|N/A
ROU|09/01/2004|N/A
ZAM|04/08/1992|N/A
ENG|25/04/1981|N/A
ZIM|14/12/1999|N/A
IND|24/08/1954|N/A
NEP|23/01/2001|N/A
KEN|12/12/1994|N/A
THA|16/10/1990|N/A
VEN|24/08/1999|N/A
VEN|03/04/1998|N/A
ESP|22/01/1988|N/A
NGR|28/04/1990|N/A
ZAM|20/04/1998|N/A
ZAM|17/11/1997|N/A
ZAM|20/01/1988|N/A
ZAM|15/12/2006|N/A
ZAM|12/06/2004|N/A
ISR|01/05/1995|N/A
DEN|05/05/1965|N/A
THA|28/03/2002|N/A
IND|20/11/2004|N/A
BEN|28/10/1995|N/A
IND|17/10/1953|N/A
IND|03/05/1998|N/A
ZIM|01/02/2002|N/A
TPE|09/01/1998|N/A
SGP|19/10/2002|N/A
TPE|20/09/1996|N/A
USA|11/08/1997|N/A
TPE|15/05/1999|N/A
TPE|20/08/2001|N/A
CAN|N/A|N/A
TPE|11/11/2002|N/A
TPE|01/02/1980|N/A
TPE|17/05/2001|N/A
TPE|01/10/2002|N/A
TPE|N/A|N/A
TPE|29/10/2000|N/A
USA|08/08/1998|N/A
ZIM|15/07/2003|N/A
ITA|13/01/2003|N/A
CZE|05/03/2001|N/A
SVK|26/01/2003|N/A
KOR|24/03/2005|N/A
KOR|07/02/2002|N/A
KOR|13/02/2006|N/A
KOR|10/10/2004|N/A
KOR|27/12/1999|N/A
KOR|28/07/1998|N/A
KOR|23/05/2003|N/A
KOR|07/06/2006|N/A
KOR|16/04/2005|N/A
KOR|N/A|N/A
KOR|15/03/2002|N/A
TPE|26/10/1999|N/A
KOR|23/10/2002|N/A
KOR|01/09/1999|N/A
KOR|13/05/1996|N/A
KOR|17/12/2002|N/A
KOR|15/12/2000|N/A
KOR|08/09/1999|N/A
KOR|28/01/2003|N/A
KOR|20/07/2005|N/A
KOR|21/07/2004|N/A
KOR|20/01/2004|N/A
KOR|20/08/2001|N/A
KOR|24/02/1999|N/A
KOR|20/05/2005|N/A
KOR|28/04/2004|N/A
KOR|10/08/2005|N/A
KOR|27/04/1993|N/A
THA|22/01/1998|RightHanded
THA|29/01/1996|N/A
THA|24/01/2003|N/A
KOR|31/01/2003|N/A
KOR|10/12/2001|N/A
KOR|27/08/2002|N/A
KOR|11/03/2001|N/A
KOR|25/10/2004|N/A
KOR|12/03/2002|N/A
KOR|04/04/2007|N/A
KOR|21/02/2001|N/A
KOR|28/11/2004|N/A
KOR|N/A|N/A
KOR|27/04/1999|N/A
KOR|10/05/2004|N/A
KOR|28/10/1999|N/A
KOR|N/A|N/A
KOR|20/04/2005|N/A
KOR|26/10/2001|N/A
KOR|05/08/1995|RightHanded
KOR|18/06/1997|RightHanded
KOR|08/01/1998|N/A
KOR|13/10/1998|N/A
KOR|11/11/2006|N/A
KOR|21/11/2005|N/A
KOR|31/05/2002|N/A
KOR|23/06/1999|N/A
KOR|N/A|N/A
KOR|08/06/2004|N/A
KOR|18/01/2005|N/A
KOR|28/11/1998|N/A
KOR|03/02/1996|N/A
KOR|25/02/2002|N/A
KOR|22/06/1997|N/A
KOR|10/06/2004|N/A
CAN|01/05/2001|N/A
KOR|05/01/1999|N/A
KOR|04/11/2002|N/A
KOR|31/08/1999|N/A
KOR|22/04/2004|N/A
KOR|19/06/1999|N/A
KOR|23/12/1991|N/A
CAN|12/07/2000|N/A
KOR|14/02/2002|N/A
KOR|07/02/2006|N/A
KOR|31/03/2002|N/A
KOR|03/05/2006|N/A
KOR|18/01/2005|N/A
KOR|17/03/2000|N/A
KOR|14/07/2000|N/A
KOR|24/04/2006|N/A
CAN|31/01/2002|N/A
KOR|31/12/1997|N/A
KOR|17/02/1997|N/A
KOR|19/06/1999|N/A
KOR|21/08/1999|N/A
KOR|06/01/2006|N/A
ENG|11/02/1996|N/A
KOR|12/04/2003|N/A
KOR|10/11/1997|N/A
KOR|16/11/2002|N/A
KOR|15/01/2007|N/A
KOR|17/11/1994|N/A
KOR|25/10/2005|N/A
KOR|24/09/2002|N/A
KOR|07/07/2000|N/A
KOR|15/05/2002|N/A
KOR|26/11/2000|N/A
KOR|23/07/2002|N/A
KOR|07/12/1998|N/A
KOR|04/03/1994|N/A
KOR|01/01/1992|N/A
KOR|27/04/2000|N/A
KOR|07/12/2005|N/A
KOR|17/08/2001|N/A
KOR|01/07/1999|N/A
KOR|05/06/2002|N/A
KOR|06/03/2001|N/A
KOR|24/10/2003|N/A
MAS|04/03/2004|N/A
KOR|19/11/2007|N/A
KOR|15/11/2004|N/A
KOR|06/01/2001|N/A
KOR|09/02/2000|N/A
KOR|01/01/1992|N/A
KOR|14/10/2000|N/A
KOR|24/06/2000|N/A
KOR|14/09/2004|N/A
KOR|19/11/2003|N/A
KOR|12/06/2004|N/A
KOR|23/10/2005|N/A
KOR|09/01/2003|N/A
KOR|14/12/2007|N/A
FRA|25/09/1984|N/A
MGL|14/06/2001|N/A
INA|31/08/1999|N/A
POL|17/08/2002|N/A
POL|21/10/2000|N/A
THA|27/12/1994|N/A
THA|25/01/1999|N/A
BUL|03/03/1995|N/A
FRA|06/10/1992|N/A
THA|21/02/1950|N/A
AUS|18/07/1995|N/A
MAS|04/01/1996|N/A
AUS|N/A|N/A
MAS|26/10/1997|N/A
MAS|11/10/1994|RightHanded
MAS|31/12/1989|N/A
USA|22/11/1965|RightHanded
MAS|26/05/1987|LeftHanded
MAS|20/05/1996|N/A
PAN|12/05/1998|N/A
MAS|07/11/1993|N/A
AUS|03/04/1997|N/A
MAS|12/09/2002|N/A
ZAM|27/05/1988|N/A
ZAM|10/10/1982|N/A
ZAM|07/10/1998|N/A
MAS|05/12/2000|N/A
KOR|05/08/2003|N/A
AUS|05/06/1991|LeftHanded
AUS|02/01/1997|N/A
KOR|10/12/2001|N/A
MAS|01/04/1997|N/A
AUS|01/04/1997|N/A
MAS|25/02/1991|RightHanded
MRI|11/05/1985|N/A
MRI|N/A|N/A
MRI|12/02/1993|N/A
MAS|02/07/2000|N/A
MAS|20/12/1995|RightHanded
THA|21/09/1996|N/A
IND|06/09/1992|RightHanded
IND|24/01/1959|N/A
KAZ|02/06/2004|N/A
THA|14/09/2000|N/A
THA|31/08/2000|N/A
TPE|24/06/2002|N/A
NZL|01/01/1980|N/A
TPE|08/01/1990|RightHanded
TPE|12/12/1999|N/A
TPE|01/01/2005|N/A
TPE|13/10/2003|N/A
TPE|18/10/1995|N/A
CHI|N/A|N/A
IND|13/02/1999|N/A
IND|07/02/1999|N/A
IND|07/07/1972|N/A
IND|06/09/1997|N/A
IND|20/10/1996|N/A
IND|25/10/1989|N/A
NED|21/04/2003|N/A
GRE|17/07/2001|N/A
MAS|N/A|N/A
CAN|23/07/1986|N/A
CAN|27/04/1981|N/A
MAS|08/01/1995|N/A
AUS|N/A|N/A
HKG|05/03/2001|N/A
HKG|06/04/2000|N/A
HKG|14/05/1997|N/A
USA|14/07/1996|N/A
MAS|23/12/1994|RightHanded
CAN|09/07/1998|N/A
CAN|15/01/1989|N/A
CAN|27/11/2001|N/A
ENG|06/07/1999|N/A
ENG|25/05/1986|N/A
CAN|01/01/1980|N/A
IND|04/04/2003|N/A
BAN|09/09/1994|N/A
CAN|30/04/1996|N/A
SGP|30/12/1988|RightHanded
INA|11/02/2000|N/A
DEN|28/04/1994|N/A
DEN|23/04/1954|N/A
DEN|22/06/1997|N/A
DEN|06/04/1953|N/A
NOR|14/08/1992|N/A
NOR|27/06/1995|N/A
DEN|26/05/1997|N/A
NOR|20/01/2000|N/A
DEN|17/09/1962|RightHanded
DEN|17/10/1996|N/A
DEN|04/10/1998|N/A
DEN|01/10/1999|N/A
INA|14/12/1995|N/A
IND|28/10/1995|N/A
INA|09/11/2004|N/A
CMR|06/01/1999|N/A
IND|27/12/1942|N/A
DEN|04/03/1988|N/A
DEN|15/06/1984|N/A
DEN|20/02/1994|RightHanded
USA|22/06/1991|N/A
ENG|04/08/1992|N/A
INA|15/09/1997|N/A
INA|18/03/2005|N/A
GRE|29/07/2002|N/A
CYP|31/03/1999|N/A
INA|01/01/1980|N/A
ESA|19/07/1996|N/A
NGR|06/12/1993|N/A
DEN|24/08/1997|N/A
DEN|14/01/2000|N/A
MAS|21/10/2002|N/A
TPE|16/01/2000|N/A
TPE|01/10/2000|N/A
AUS|10/08/1999|N/A
MAS|30/05/1998|N/A
TPE|11/12/1986|N/A
SGP|25/04/2006|N/A
MAS|28/10/1954|N/A
SGP|15/03/1996|N/A
MAS|08/06/1996|RightHanded
SGP|30/05/2006|N/A
SGP|01/03/1996|RightHanded
SIN|23/06/2001|N/A
SIN|14/01/1997|N/A
MAS|02/12/1996|N/A
MAS|23/04/1995|N/A
MAS|04/04/2001|N/A
SGP|30/04/2003|N/A
SIN|15/02/1995|N/A
MAS|14/12/1998|N/A
TPE|19/05/2001|N/A
TPE|21/10/2003|N/A
TPE|10/08/1999|N/A
NZL|04/09/2006|N/A
TPE|16/10/1997|N/A
SGP|13/02/1998|N/A
THA|11/10/1977|N/A
SVK|18/10/2000|N/A
THA|03/03/2000|N/A
PER|29/04/2003|N/A
THA|21/12/2001|N/A
THA|14/08/2002|N/A
IND|12/08/2001|N/A
IND|10/08/1998|N/A
RUS|N/A|N/A
RUS|24/11/1998|N/A
MGL|13/03/2003|N/A
UZB|05/05/2002|N/A
CZE|12/03/2002|N/A
THA|04/04/1998|N/A
THA|14/05/1998|N/A
SIN|17/09/1998|N/A
KOR|06/03/2001|N/A
TPE|05/05/1997|N/A
CAN|30/11/1994|N/A
KOR|03/07/2001|N/A
HKG|02/05/1997|N/A
TPE|12/08/2004|N/A
MAS|14/01/2000|N/A
CAN|06/02/1990|N/A
MRI|31/07/1963|N/A
TPE|22/12/2001|N/A
KOR|N/A|RightHanded
AUS|19/07/2001|N/A
SUR|19/06/1992|N/A
RUS|04/04/2004|N/A
THA|N/A|N/A
MRI|14/08/1979|N/A
MRI|22/08/1975|N/A
UKR|29/11/2003|N/A
MAS|01/01/1998|N/A
CRO|N/A|N/A
TUR|13/02/2000|N/A
ARG|10/03/2000|N/A
ITA|14/11/1986|RightHanded
PER|25/01/2003|N/A
TUR|12/06/1963|N/A
ARG|15/03/2002|N/A
CRO|N/A|N/A
POL|29/03/2001|N/A
POL|11/07/1973|N/A
INA|04/05/2001|N/A
DOM|25/08/1999|N/A
ROU|N/A|N/A
POL|23/06/1992|N/A
ROU|03/02/2004|N/A
POL|22/05/2002|N/A
INA|27/07/1999|N/A
TUR|01/01/2002|N/A
MEX|02/02/2001|N/A
SGP|02/08/1996|RightHanded
INA|14/06/2001|N/A
FRA|26/03/1996|N/A
ROM|04/11/1999|N/A
ESP|13/02/2002|N/A
SLO|23/08/2001|N/A
SLO|27/01/1998|N/A
SVK|10/09/1993|N/A
FRA|18/09/1987|N/A
FRA|22/10/1992|RightHanded
GER|19/01/2003|N/A
ENG|06/09/1988|N/A
ENG|07/09/1988|N/A
ENG|21/09/1994|N/A
FRA|15/02/2000|N/A
ENG|07/11/1977|N/A
ENG|23/04/1955|N/A
INA|07/01/1996|N/A
ENG|04/03/1997|N/A
ENG|20/05/2000|N/A
FAL|19/06/1977|RightHanded
CAN|17/02/2000|N/A
WAL|01/03/2003|N/A
JAM|09/09/2002|N/A
BAR|13/11/1999|N/A
TTO|04/09/2001|N/A
JAM|31/01/1996|N/A
IRL|03/06/1945|N/A
POR|12/02/2000|N/A
SWE|02/08/1976|N/A
DEN|10/04/1992|N/A
ENG|02/05/1954|N/A
ENG|28/07/1995|N/A
SLO|28/10/1993|N/A
ENG|10/07/1999|N/A
INA|02/03/1997|N/A
INA|27/01/2002|N/A
FRA|18/03/1980|N/A
FRA|25/01/2001|N/A
TUR|28/12/1996|N/A
AUS|24/06/1998|N/A
BRA|24/11/1996|RightHanded
POR|16/04/2000|N/A
BRA|13/11/1995|N/A
POR|29/12/1998|N/A
RSA|07/11/1995|N/A
RSA|12/01/1966|N/A
RSA|25/08/1991|N/A
ESP|N/A|N/A
ISR|01/01/1997|N/A
USA|01/06/1998|N/A
USA|29/07/2001|N/A
ROU|N/A|RightHanded
JAM|08/10/1993|N/A
DEN|31/03/1993|N/A
ENG|14/07/1992|N/A
ESP|03/03/1998|N/A
ENG|11/06/1940|N/A
SUI|11/09/1977|N/A
MEX|15/06/1998|N/A
MRI|N/A|N/A
SWE|18/08/1999|N/A
INA|02/08/2001|N/A
NZL|01/05/1980|N/A
ENG|18/02/2003|N/A
CUB|30/11/1987|N/A
PYF|15/06/2000|N/A
INA|01/09/2003|N/A
ROU|28/07/2003|N/A
FRA|04/04/1963|N/A
FRA|02/05/1962|N/A
IRL|10/10/2001|N/A
TUR|14/09/1997|N/A
THA|12/12/2000|N/A
POR|19/01/1996|N/A
BRA|26/10/1982|N/A
MDA|22/06/1999|N/A
CHI|17/10/2000|RightHanded
FIN|02/11/1997|N/A
SWE|20/09/1941|N/A
DEN|12/01/1988|RightHanded
JEY|15/09/1976|RightHanded
ROU|10/08/1999|N/A
FRA|10/06/1988|N/A
TTO|06/12/1995|N/A
CYP|26/01/1998|N/A
BRA|07/12/1997|N/A
CHI|03/06/1997|N/A
VEN|11/12/2000|N/A
VEN|26/04/1999|N/A
MEX|23/10/2000|N/A
ARG|06/07/2001|N/A
NRU|05/06/1999|N/A
ENG|09/09/1999|N/A
SCO|08/03/1993|LeftHanded
USA|N/A|N/A
SCO|09/05/1988|N/A
ENG|09/10/1983|N/A
ENG|13/10/1995|N/A
ENG|28/09/1972|N/A
NZL|24/11/1988|N/A
FRA|12/08/2002|N/A
TUR|03/01/1997|N/A
ENG|N/A|N/A
ENG|N/A|N/A
ROM|N/A|N/A
GER|09/02/1996|N/A
GUA|28/11/1986|LeftHanded
FRA|25/07/1995|N/A
GUA|18/12/2000|N/A
GUA|29/03/1998|N/A
INA|24/03/2000|N/A
FRA|13/09/1959|N/A
ESP|21/10/1998|N/A
ARG|28/08/1994|N/A
ARG|22/10/1996|N/A
PER|01/12/1984|RightHanded
ARG|29/07/1997|N/A
ESP|03/12/1992|RightHanded
ESP|N/A|N/A
BRA|13/03/1997|N/A
BRA|08/04/1993|N/A
MEX|18/12/1999|N/A
MEX|02/02/1997|N/A
POR|21/03/2001|N/A
DEN|20/02/1995|N/A
ITA|30/01/2002|N/A
ITA|30/01/2002|N/A
CHI|08/04/1999|N/A
MEX|19/01/2002|N/A
MEX|04/07/2003|N/A
TUR|30/08/1993|N/A
FRA|10/06/1999|N/A
FRA|13/02/1995|RightHanded
FRA|09/06/1993|RightHanded
BEL|10/04/1989|N/A
ARG|02/10/2000|N/A
ROU|19/04/2000|N/A
POR|09/05/2000|N/A
BRA|06/06/2000|N/A
FRA|19/09/2000|N/A
WAL|15/07/1999|N/A
TUR|29/04/2004|N/A
CIV|24/04/1993|N/A
SUR|N/A|N/A
ENG|28/01/1959|N/A
FRA|18/01/2001|N/A
SEY|01/01/1980|N/A
SEY|20/09/1990|N/A
FRA|09/08/1998|N/A
FRA|06/09/1974|N/A
BRA|04/04/1998|N/A
CAN|17/01/1990|N/A
PYF|27/05/1999|N/A
CAN|10/04/1998|N/A
ENG|29/08/1956|N/A
ENG|20/07/1947|N/A
WAL|N/A|N/A
ROU|29/03/2003|N/A
AUS|N/A|N/A
GER|09/12/1967|N/A
DEN|20/01/2001|N/A
IND|05/05/2003|N/A
BRN|11/12/1999|N/A
ENG|24/11/1952|N/A
ENG|28/11/1950|N/A
CRO|06/01/2003|N/A
NFK|28/11/1970|N/A
FRA|18/04/2001|N/A
POR|23/09/1991|N/A
ENG|12/03/1963|N/A
ENG|17/02/1953|N/A
RSA|25/11/1948|N/A
BEL|21/03/2002|N/A
IRL|03/01/2000|N/A
BRA|N/A|N/A
POR|06/02/2001|N/A
MEX|28/12/1998|N/A
GUA|09/05/2005|N/A
HUN|19/08/1996|N/A
HUN|11/05/2001|N/A
SVK|23/08/2001|N/A
PER|N/A|N/A
ROU|15/07/1999|N/A
PYF|01/01/1980|N/A
PHI|15/01/1993|N/A
ESP|06/05/2001|N/A
MEX|26/11/2002|N/A
NCL|30/09/1991|N/A
IRL|24/05/1997|N/A
ENG|02/09/1972|N/A
MRI|03/06/1995|N/A
MDA|10/12/2001|N/A
SEY|10/11/1981|N/A
INA|01/05/2000|N/A
MEX|24/03/1999|N/A
NZL|N/A|N/A
NZL|01/01/1980|N/A
ENG|02/08/2004|N/A
BRA|N/A|N/A
AUS|23/02/1994|N/A
BRA|13/11/1995|N/A
CRO|20/02/2000|N/A
CRO|26/11/2002|N/A
POL|26/01/1985|RightHanded
POL|06/08/1999|N/A
FRA|26/07/1988|N/A
POL|07/04/1995|N/A
POL|17/03/2005|N/A
ZAM|16/10/1995|N/A
USA|17/02/1962|N/A
IND|01/09/1984|N/A
CAN|01/07/1994|N/A
IND|14/09/1999|N/A
IND|23/02/1979|N/A
IND|08/12/1996|N/A
IND|31/08/1998|N/A
IND|19/11/1997|N/A
CIV|26/05/2006|N/A
TPE|06/05/2002|N/A
BRA|10/02/1995|N/A
SWE|22/11/1977|N/A
POL|04/05/1999|N/A
MRI|11/10/1997|N/A
CAN|N/A|N/A
DEN|03/12/1947|N/A
POL|11/02/1994|N/A
MRI|06/01/1988|N/A
NGR|14/08/1984|N/A
INA|02/02/2002|N/A
CMR|24/03/2001|N/A
ARG|28/01/1990|N/A
BEN|02/06/2002|N/A
BEN|28/01/1996|N/A
SUI|26/05/1997|N/A
LTU|01/01/1986|N/A
TUR|25/09/1997|N/A
MGL|26/02/2001|N/A
NEP|08/02/2004|N/A
SRI|01/11/2001|N/A
SRI|N/A|N/A
IND|27/04/1996|N/A
NZL|26/06/1991|N/A
IND|19/06/1999|N/A
IND|16/09/1997|N/A
IND|24/07/1999|N/A
DEN|01/11/1996|N/A
NOR|02/05/1998|N/A
MYA|26/06/1998|N/A
FIN|08/04/1953|N/A
BEN|15/03/2000|N/A
CHN|17/11/2001|N/A
CHN|05/02/2001|N/A
CHN|01/02/2001|N/A
JAM|10/12/2000|N/A
KAZ|28/11/1993|N/A
ZAM|26/01/1995|N/A
FRO|10/06/1997|N/A
AUS|14/08/1998|N/A
ARG|13/12/2000|N/A
PHI|N/A|N/A
DEN|01/11/1977|N/A
DEN|01/02/1957|N/A
ENG|01/09/2004|N/A
IRL|02/05/2000|N/A
DEN|19/04/1995|N/A
TUR|25/08/1996|N/A
INA|26/09/2003|N/A
LTU|29/02/1996|N/A
INA|02/08/2004|N/A
INA|29/01/2001|N/A
INA|10/04/1999|N/A
DEN|08/04/1996|N/A
DEN|07/01/1988|N/A
CIV|02/09/2004|N/A
KAZ|22/08/2003|N/A
INA|01/01/1980|N/A
SRI|20/08/1995|N/A
FRA|02/12/1988|N/A
IND|08/01/1946|N/A
IND|21/12/2000|N/A
VIE|N/A|N/A
CHN|22/04/1958|N/A
IND|01/01/1963|N/A
VIE|17/07/1996|N/A
VIE|01/01/1998|N/A
IND|12/08/1996|N/A
INA|28/07/2004|N/A
NGR|N/A|N/A
ESP|21/07/1996|N/A
ENG|23/03/1996|N/A
IRL|N/A|N/A
POL|09/08/1997|N/A
POL|16/08/1974|N/A
RSA|05/04/1998|N/A
DEN|04/12/1946|N/A
DEN|15/06/1945|N/A
ISL|N/A|RightHanded
SWE|27/09/1994|N/A
ISR|19/07/2001|RightHanded
INA|18/09/2004|N/A
FIN|23/01/1995|N/A
FIN|03/08/1993|N/A
THA|01/02/2003|N/A
THA|06/04/2005|N/A
ISL|03/03/1999|N/A
UKR|11/05/1999|N/A
VIE|N/A|N/A
IRL|21/05/1996|N/A
TOG|08/12/2001|N/A
INA|14/11/1996|N/A
IND|07/03/1997|N/A
MGL|04/01/2003|N/A
INA|14/01/2006|N/A
INA|17/08/2003|N/A
INA|29/01/1998|N/A
INA|06/08/2001|N/A
INA|05/11/1996|N/A
SUR|22/12/1992|LeftHanded
IRL|24/09/1997|N/A
ESP|15/03/1997|N/A
MRI|12/10/2003|N/A
INA|17/01/1999|N/A
INA|21/01/2004|N/A
BRN|04/06/1997|N/A
INA|04/12/1998|N/A
IND|02/10/1996|N/A
IND|29/01/1999|N/A
IND|12/05/1986|N/A
IND|02/10/1996|N/A
IND|02/08/1999|N/A
SRI|19/11/2000|N/A
IND|04/06/1997|N/A
IND|08/04/1995|N/A
MGL|16/04/2000|N/A
CAN|08/12/1999|N/A
INA|N/A|N/A
GER|04/03/2001|N/A
KAZ|05/06/2004|N/A
DEN|27/12/1994|RightHanded
FRA|22/11/1980|N/A
LTU|29/10/1990|N/A
MGL|22/11/1998|N/A
MGL|27/11/1989|N/A
MEX|22/03/2004|N/A
ENG|16/01/1993|N/A
IND|05/11/1998|N/A
AUS|N/A|N/A
ESP|N/A|N/A
UGA|N/A|N/A
LTU|09/05/1999|N/A
CZE|14/11/1997|N/A
USA|01/04/1976|N/A
IRL|31/12/1998|N/A
ENG|22/05/1990|N/A
IRL|30/09/1996|N/A
ENG|25/07/2002|N/A
PER|21/08/1997|N/A
JAM|22/06/1987|N/A
RUS|18/07/1998|RightHanded
UZB|04/02/2001|N/A
ENG|07/03/1969|N/A
ENG|14/04/1997|N/A
EGY|30/05/2000|N/A
RUS|08/02/1954|N/A
ESP|30/11/2000|N/A
IND|10/03/1944|N/A
SRI|17/03/1998|N/A
BRA|08/06/1996|N/A
SRI|07/06/1998|N/A
RSA|03/03/2000|N/A
RSA|26/06/1976|N/A
RSA|23/09/2003|N/A
TTO|28/01/2001|N/A
RSA|11/12/1973|N/A
RSA|N/A|N/A
FRA|28/05/1996|N/A
BEL|09/02/1998|N/A
NCL|29/11/1998|N/A
NED|N/A|N/A
NED|02/12/2003|N/A
ARU|23/11/1999|N/A
DOM|20/05/2001|N/A
PER|19/07/2000|N/A
MEX|05/10/1996|N/A
MEX|15/07/1997|N/A
BEL|18/07/2000|N/A
BEL|05/06/1995|N/A
GUA|24/06/1991|N/A
GUA|06/04/1993|N/A
MEX|03/02/1996|N/A
MEX|01/07/1999|N/A
SRI|28/11/1998|N/A
BEL|01/12/1989|N/A
ESP|06/02/2002|N/A
ARG|06/07/1990|N/A
BEL|17/06/1996|N/A
BEL|08/04/1959|N/A
NED|28/11/1986|N/A
SRI|12/01/1998|N/A
SRI|27/01/1998|N/A
SRI|25/04/1997|N/A
SRI|03/02/1999|N/A
SRI|10/11/1978|N/A
SRI|08/01/1997|N/A
SRI|29/08/1952|N/A
SRI|01/08/2002|N/A
SRI|29/06/1989|N/A
SRI|02/01/1994|N/A
SRI|01/01/2001|N/A
SRI|27/10/1997|N/A
CAN|24/10/1998|N/A
BEL|08/04/2003|N/A
PHI|24/01/2000|N/A
PHI|10/12/1997|N/A
RSA|11/03/1993|N/A
RSA|11/03/1993|N/A
PER|28/12/1988|N/A
NED|06/01/1993|RightHanded
NED|21/06/1994|N/A
NED|22/09/2001|N/A
SWE|20/08/1997|N/A
NED|18/01/1999|N/A
RSA|19/10/1995|N/A
BEL|18/10/2002|N/A
NED|18/05/2001|N/A
INA|15/04/1995|N/A
PYF|23/12/2001|N/A
PHI|11/07/1998|N/A
CAN|07/07/1999|N/A
SUI|11/11/1992|N/A
CAN|28/03/1994|N/A
CHI|10/08/1999|N/A
FRA|24/12/1950|N/A
FRA|09/10/1974|N/A
THA|31/03/2001|N/A
INA|21/01/1997|N/A
INA|11/04/2004|N/A
NGR|27/07/1988|N/A
JAM|17/11/1982|N/A
BEL|05/11/2000|N/A
AUS|27/12/1991|N/A
FRA|01/04/1999|N/A
FRA|19/05/1963|N/A
INA|30/12/1996|N/A
MLT|14/05/1998|N/A
ISR|17/08/1997|N/A
ISR|02/06/2000|N/A
BEN|10/02/1994|N/A
BEN|13/07/1998|N/A
BEN|25/04/2000|N/A
ETH|29/06/1986|N/A
BEL|25/07/1985|N/A
TUR|01/01/1997|N/A
BEN|18/04/2002|N/A
BLR|17/08/1997|N/A
RUS|07/12/1978|N/A
ROM|12/10/1974|N/A
BEN|24/05/1998|N/A
GER|01/08/1994|N/A
THA|25/11/1951|N/A
IND|16/10/1995|N/A
IND|01/01/1987|N/A
ENG|N/A|N/A
LAT|17/01/1989|N/A
GUA|03/01/2004|N/A
SUR|02/07/1999|N/A
MEX|30/07/1998|N/A
CUB|01/11/1995|N/A
PER|27/02/1988|N/A
GUA|N/A|N/A
GUA|31/01/1996|N/A
GUA|24/03/1991|N/A
CAN|25/05/1994|N/A
FRA|04/05/1997|N/A
SCO|22/06/2000|N/A
FRA|05/03/1990|N/A
FRA|28/08/1964|N/A
FRA|17/04/1982|N/A
IRI|04/10/1993|N/A
DEN|25/02/1985|N/A
BUL|12/07/1994|N/A
BUL|19/07/2000|N/A
TUR|01/05/1997|N/A
SUI|04/01/1995|N/A
MGL|27/03/1998|N/A
TUR|10/06/1997|N/A
GRE|27/09/2002|N/A
ITA|20/05/1995|N/A
NCL|30/12/1987|N/A
ARG|21/02/1996|N/A
ARG|14/04/2000|N/A
SRI|15/05/1970|N/A
FRA|06/11/1998|N/A
FRA|22/06/2000|N/A
ITA|25/09/1993|N/A
IND|06/11/2002|N/A
UZB|01/02/1965|N/A
SWE|14/04/1999|N/A
SWE|26/09/1996|N/A
CYP|14/11/2001|N/A
BEL|27/10/1998|N/A
TUR|16/07/1996|N/A
TUR|13/08/2003|N/A
TUR|08/09/2000|N/A
TUR|07/08/1996|N/A
TUR|19/02/1998|N/A
TUR|03/06/1959|N/A
TUR|01/08/1997|N/A
ETH|29/07/1990|N/A
AUT|12/12/1994|N/A
AUT|N/A|N/A
IRL|16/07/2001|N/A
GER|01/01/1994|N/A
BEL|30/11/1994|N/A
UKR|12/02/2003|N/A
SRI|13/08/1956|N/A
FRA|20/07/2000|N/A
CHN|14/01/1994|N/A
CHN|20/01/1992|N/A
HKG|20/01/1992|LeftHanded
IRL|09/01/1959|N/A
KAZ|10/05/1995|N/A
TUR|28/08/2003|N/A
TUR|19/05/1998|N/A
NZL|18/05/1989|N/A
IND|20/08/1956|N/A
FRA|13/05/1979|N/A
FRA|10/08/1951|N/A
GER|08/02/1992|LeftHanded
NCL|14/12/2002|N/A
RUS|01/01/1996|N/A
NZL|01/06/1995|N/A
ETH|10/07/1999|N/A
ETH|17/11/1999|N/A
TUR|13/10/1950|N/A
UKR|31/03/2002|N/A
RUS|01/01/1980|N/A
RUS|27/12/1995|N/A
RUS|15/01/1995|N/A
CZE|14/01/2002|N/A
NED|10/03/2002|N/A
SWE|19/10/1989|N/A
INA|03/02/2000|N/A
NCL|29/12/1991|N/A
BEL|06/08/1998|N/A
TUR|31/05/2004|N/A
IND|22/12/1956|N/A
UGA|25/10/1998|N/A
IND|25/07/1961|N/A
USA|09/08/1992|N/A
INA|05/12/1995|N/A
FRA|16/05/1994|N/A
FRA|01/04/2003|N/A
SUI|22/04/1995|N/A
PYF|20/10/1986|N/A
IND|05/12/2000|N/A
IND|12/01/2002|N/A
IND|24/10/1999|N/A
IND|19/01/1998|N/A
INA|N/A|N/A
INA|12/12/1999|N/A
FRA|29/09/1995|N/A
FRA|18/02/2001|N/A
ETH|15/12/1998|N/A
INA|06/01/2001|N/A
IND|08/11/1996|N/A
IND|19/07/1952|N/A
INA|27/12/2000|N/A
NRU|08/09/1998|N/A
GER|17/01/1990|N/A
IND|20/10/1988|N/A
MAS|03/02/1995|N/A
BEL|22/02/1999|N/A
THA|09/05/1961|N/A
IND|29/12/1968|N/A
IND|23/10/1996|N/A
NZL|22/04/1997|N/A
AUS|N/A|RightHanded
FRA|09/04/1950|N/A
FRA|09/04/1948|N/A
IND|29/07/1972|N/A
FRA|11/02/1959|N/A
INA|12/04/1999|N/A
NEP|15/12/1998|N/A
NEP|15/12/1998|N/A
IND|17/09/1996|N/A
BEL|24/04/1986|N/A
TUR|16/05/2004|N/A
DEN|29/08/1964|N/A
IND|02/07/1988|RightHanded
IND|10/06/1998|N/A
IND|07/11/2000|N/A
IND|31/07/1966|N/A
IND|25/05/1994|N/A
INA|08/11/2002|N/A
INA|17/07/2002|N/A
INA|05/05/2002|N/A
INA|07/03/2002|N/A
INA|07/03/2002|N/A
INA|29/11/1995|N/A
INA|22/08/2000|N/A
INA|20/08/2004|N/A
INA|N/A|N/A
INA|21/10/2002|N/A
INA|11/02/1999|N/A
INA|23/06/2006|N/A
BEL|03/09/1998|N/A
BEL|30/05/1995|N/A
MRI|10/08/2002|N/A
IND|06/06/1993|N/A
IND|26/06/1961|N/A
IND|13/07/1989|N/A
IND|28/12/1992|N/A
NEP|18/01/1997|N/A
IND|01/08/1958|N/A
INA|01/05/2001|N/A
IND|17/04/1999|N/A
INA|30/01/1996|N/A
IND|01/02/1996|N/A
SRI|07/08/1997|N/A
AUS|N/A|N/A
NZL|23/01/1988|N/A
AUS|19/08/1981|N/A
IND|24/08/2001|N/A
IND|04/02/1988|N/A
IND|19/04/2000|N/A
IND|28/01/1992|N/A
INA|05/01/2003|N/A
IND|12/08/1977|N/A
BHU|30/12/1993|N/A
INA|18/02/2000|N/A
CHN|27/05/2001|N/A
CHN|27/02/2001|N/A
ITA|19/03/1981|N/A
FRA|22/10/1959|N/A
CIV|07/07/2000|N/A
CIV|01/12/1996|N/A
INA|20/11/1995|N/A
SRI|04/05/2001|N/A
SRI|11/08/1997|N/A
POR|27/04/2000|N/A
POR|28/02/1996|N/A
SRI|26/03/2001|N/A
SRI|18/07/1996|N/A
CIV|31/12/1999|N/A
ARG|18/08/1990|N/A
INA|28/07/1999|N/A
ESP|22/03/2000|N/A
VEN|19/09/1998|N/A
ESP|N/A|N/A
MEX|02/11/1999|N/A
ENG|20/06/1967|N/A
SUI|22/04/2000|N/A
SUI|20/04/2003|N/A
RSA|19/05/1989|N/A
FRA|02/02/1973|N/A
UGA|02/08/2004|N/A
GUA|03/02/2000|N/A
GUA|07/04/2001|N/A
RUS|05/08/1978|RightHanded
NED|28/10/1999|N/A
NED|28/10/1999|N/A
BEL|18/11/1991|RightHanded
GER|02/02/1959|N/A
GER|13/02/1980|N/A
SUI|25/02/2003|N/A
GER|30/11/1970|N/A
FRA|08/01/1979|N/A
FRA|26/03/2001|N/A
COD|10/02/1995|N/A
INA|20/05/2003|N/A
ARU|03/09/1994|N/A
FRA|11/01/1997|N/A
TUR|01/01/2001|N/A
GER|29/07/1999|N/A
IND|28/01/1997|N/A
TUR|13/01/2004|N/A
INA|10/07/1989|N/A
ENG|23/01/2003|N/A
ENG|23/01/2003|N/A
UZB|01/09/2002|N/A
GRE|02/05/2003|N/A
LTU|05/03/1996|N/A
INA|16/02/1998|N/A
CRO|06/12/1993|N/A
BUL|04/04/1990|N/A
BUL|08/10/1972|RightHanded
BUL|30/03/2000|N/A
BUL|11/06/1999|N/A
BUL|13/05/1997|N/A
RUS|29/04/1982|RightHanded
BUL|07/08/1984|RightHanded
INA|04/01/1999|N/A
INA|12/07/2003|N/A
INA|08/02/2000|N/A
DEN|25/07/1992|N/A
IND|19/12/1988|N/A
NZL|19/03/1998|N/A
CHN|28/12/1997|N/A
USA|09/12/1999|N/A
VIE|23/02/1995|N/A
VIE|03/03/1993|N/A
INA|11/12/2004|N/A
INA|02/11/2001|N/A
BOT|19/01/1995|N/A
MDA|24/01/2001|N/A
MRI|19/06/1974|N/A
INA|17/10/1999|N/A
INA|20/05/2001|N/A
GER|16/07/1992|N/A
GER|01/01/1980|N/A
BOT|31/07/1990|N/A
GER|14/09/1964|N/A
IND|03/03/1972|N/A
CZE|26/06/2003|N/A
ENG|16/09/1981|N/A
ENG|03/04/1997|N/A
IND|08/02/1966|N/A
INA|31/01/2002|N/A
BRN|09/07/1994|N/A
SUR|N/A|N/A
INA|16/10/2000|N/A
BEN|15/08/1991|N/A
ALG|22/11/1991|N/A
SIN|17/04/1986|N/A
BEN|08/06/1993|N/A
BEN|08/10/1994|N/A
INA|15/01/1999|N/A
CGO|23/03/1989|N/A
RUS|31/01/1998|N/A
RUS|13/01/1998|N/A
UKR|04/09/1990|N/A
KAZ|13/04/1996|N/A
UKR|N/A|N/A
UKR|22/08/1995|N/A
VIE|26/10/1999|N/A
VIE|06/02/1996|N/A
VIE|11/05/1996|N/A
KOR|28/01/2005|N/A
VIE|08/04/1996|N/A
VIE|28/09/1999|N/A
CZE|09/06/1999|N/A
BUL|13/11/1985|N/A
RUS|03/09/1993|N/A
ENG|02/03/1993|N/A
RUS|01/08/2003|N/A
SRI|22/08/1964|N/A
SUI|04/05/1956|N/A
IND|19/01/2002|N/A
SRB|16/11/1998|RightHanded
IND|11/06/2004|N/A
GHA|20/05/1998|N/A
GHA|20/05/1999|N/A
TUR|03/03/1966|N/A
TUR|05/01/1996|N/A
TUR|29/09/1965|N/A
TUR|26/07/1962|N/A
TUR|01/03/2001|N/A
BEN|02/01/2002|N/A
JPN|N/A|N/A
CZE|13/02/1997|N/A
CRO|19/07/1998|N/A
CRO|29/01/2002|N/A
RUS|05/12/2003|N/A
IRL|19/12/1994|N/A
KAZ|18/12/2004|N/A
TUR|20/07/1999|N/A
GER|17/05/1995|N/A
ENG|N/A|N/A
ENG|01/01/1980|N/A
INA|18/05/1999|N/A
RUS|10/02/1995|N/A
BEN|30/12/1995|N/A
MRI|N/A|N/A
ESP|31/08/1992|N/A
LUX|23/07/2003|N/A
GER|09/02/1987|N/A
GER|27/03/1991|RightHanded
UKR|04/12/1993|N/A
UKR|16/06/2002|N/A
AUS|26/02/1999|N/A
AUS|29/06/2002|N/A
AUS|05/10/2004|N/A
ZAM|N/A|N/A
INA|19/11/2003|N/A
ENG|07/04/2000|N/A
CHN|18/01/1997|N/A
CHN|15/06/1998|N/A
CAN|14/02/1994|N/A
CHN|18/01/1999|N/A
VIE|02/07/2001|N/A
VIE|01/01/1980|N/A
CMR|01/09/2003|N/A
NFK|20/08/1961|N/A
MRI|13/08/1998|N/A
MRI|10/10/1996|N/A
MRI|13/08/1998|N/A
MRI|10/05/1998|N/A
POL|13/11/2000|N/A
RUS|09/11/1991|N/A
RUS|02/06/2002|N/A
RUS|02/07/2003|N/A
GER|15/06/1994|RightHanded
FRA|19/01/2000|N/A
TLS|22/09/2000|N/A
CZE|14/10/2002|N/A
CZE|14/10/2002|N/A
CAN|08/12/1993|N/A
RSA|23/03/1987|N/A
FRA|30/04/1992|N/A
SCO|11/12/1954|N/A
CIV|19/12/2001|N/A
ENG|09/09/1995|N/A
BEN|07/07/1988|N/A
LTU|09/07/1983|N/A
ENG|03/04/1976|RightHanded
NZL|22/12/1985|N/A
NZL|16/06/1996|N/A
CAN|14/05/1964|N/A
ENG|21/07/1993|N/A
DEN|17/02/1968|N/A
CRO|06/03/1996|N/A
NOR|23/12/1952|N/A
ROU|10/05/2002|N/A
CZE|N/A|N/A
CZE|09/10/1996|N/A
SVK|24/04/1996|N/A
SVK|24/11/1994|N/A
SWE|20/06/1997|N/A
RUS|24/02/1981|RightHanded
RUS|31/03/1984|N/A
DEN|14/06/1972|N/A
GER|09/01/2004|N/A
LTU|12/02/1998|N/A
GER|23/12/1952|N/A
AUT|22/11/1999|RightHanded
ROU|16/06/1996|N/A
SVK|16/07/1998|N/A
FRA|10/02/2003|N/A
FRA|02/12/2004|N/A
POL|02/11/1974|N/A
FRA|17/12/1967|N/A
ENG|10/02/1954|N/A
UKR|27/08/1997|N/A
UKR|16/01/1973|RightHanded
CRO|07/08/1997|N/A
CRO|07/08/1997|N/A
IRQ|24/02/2000|N/A
CAN|26/06/1945|N/A
POL|20/06/1984|N/A
IND|12/08/1954|N/A
IND|27/02/1950|N/A
CHN|N/A|N/A
TPE|27/09/2000|N/A
CHN|19/04/1994|N/A
CHN|15/02/1998|N/A
SWE|16/12/1976|N/A
RSA|16/04/1975|N/A
NAM|N/A|RightHanded
RSA|13/08/1991|N/A
IND|06/11/1994|N/A
PER|15/02/1995|N/A
PER|N/A|N/A
PER|14/08/1994|N/A
POR|31/12/2002|N/A
MEX|04/05/1999|N/A
DOM|01/01/1980|N/A
POR|18/04/1995|N/A
BRA|N/A|N/A
MEX|18/05/2000|N/A
SVK|25/04/2002|N/A
UKR|16/01/2002|N/A
HUN|N/A|N/A
FRA|11/07/1974|N/A
RUS|20/10/2005|N/A
RUS|15/05/1980|N/A
POL|22/11/1992|N/A
GER|13/01/2003|N/A
THA|12/07/1996|N/A
UKR|19/12/2003|N/A
FRA|21/09/1998|N/A
POL|03/08/2001|N/A
GER|01/10/1966|N/A
FRA|23/06/1995|N/A
CZE|01/07/1949|N/A
NCL|03/09/1987|N/A
FRA|09/12/1988|N/A
IRL|13/05/2000|N/A
SCO|19/05/1998|RightHanded
NED|28/09/2000|N/A
BRA|20/09/2000|N/A
KAZ|07/04/1993|N/A
KAZ|29/08/1986|N/A
BUL|02/05/1957|N/A
MGL|23/07/2000|N/A
SRI|08/08/1998|N/A
HUN|16/08/2000|N/A
HUN|19/08/2003|N/A
TUR|19/07/1974|N/A
TUR|30/11/1969|RightHanded
SUI|02/08/1988|N/A
SLE|22/01/1996|N/A
GER|21/09/2001|N/A
MRI|29/10/1998|N/A
THA|21/11/1995|N/A
THA|05/03/2002|N/A
THA|23/08/1999|N/A
TUR|07/09/1973|N/A
IND|09/04/2002|N/A
IND|07/02/1997|N/A
INA|23/04/2004|N/A
FRA|13/10/1997|N/A
SCO|13/09/1998|RightHanded
IND|13/11/2001|N/A
IRL|01/02/2000|N/A
NZL|N/A|N/A
VIE|02/09/1996|N/A
VIE|N/A|N/A
USA|09/10/1998|N/A
VIE|N/A|RightHanded
VIE|N/A|N/A
FRA|22/09/1999|N/A
PER|24/09/2005|N/A
ETH|23/10/1991|N/A
IND|07/02/1974|N/A
FRA|25/08/1964|N/A
RUS|02/09/1979|RightHanded
CRO|02/06/1988|RightHanded
FRA|28/01/2004|N/A
ENG|27/04/1962|N/A
TUR|05/02/2003|N/A
ROU|11/08/1967|RightHanded
MRI|09/09/2001|N/A
ROU|23/03/2001|N/A
MRI|28/09/2002|N/A
SWE|26/10/1957|N/A
SWE|27/03/1967|RightHanded
IND|22/11/1999|N/A
TUR|09/03/2005|N/A
USA|20/06/1969|N/A
ZIM|30/08/1995|N/A
RUS|01/01/1980|N/A
INA|31/05/2003|N/A
INA|15/06/1998|N/A
INA|14/03/1998|N/A
AZE|14/05/1998|N/A
INA|06/06/2002|N/A
IRL|17/06/1998|N/A
IRL|27/08/1996|N/A
IRL|31/03/2000|N/A
INA|16/12/2001|N/A
UKR|06/03/1992|N/A
RUS|19/11/1995|N/A
KAZ|28/08/2004|N/A
POL|05/09/2004|N/A
INA|19/08/2002|N/A
POL|22/02/1990|RightHanded
ZIM|29/11/1993|N/A
INA|09/04/1996|N/A
POL|03/12/2001|N/A
KAZ|30/05/1997|N/A
IND|12/10/1953|N/A
IND|18/09/1988|N/A
AUS|25/06/2003|N/A
THA|28/10/2000|N/A
ENG|26/07/1993|N/A
BRN|11/03/1998|N/A
BAR|17/01/1983|N/A
ENG|16/01/2001|N/A
ENG|01/09/1999|N/A
CHI|11/07/1996|N/A
UGA|15/12/1994|N/A
DEN|09/01/1998|N/A
COD|24/09/1995|N/A
AUT|02/08/2001|N/A
GER|21/12/1966|N/A
POL|04/10/1999|N/A
NGR|23/08/1996|N/A
JPN|14/07/1998|N/A
BRN|03/07/1998|N/A
BRN|24/01/1985|N/A
PER|29/01/2002|N/A
PAN|14/11/1998|N/A
FRA|23/11/1961|N/A
ENG|05/05/1944|N/A
NGR|27/02/1988|N/A
AUT|09/06/1975|RightHanded
BHU|04/06/1997|N/A
SCO|01/04/1997|N/A
ENG|12/10/1956|N/A
GER|06/08/1999|N/A
NGR|10/05/1979|RightHanded
SRI|25/01/2001|N/A
AUS|08/05/1998|N/A
AUS|31/05/1999|N/A
MRI|13/10/1987|N/A
MRI|24/05/1999|N/A
POR|14/02/1999|N/A
POR|07/08/2001|N/A
INA|14/11/1997|N/A
INA|21/09/1996|N/A
SWE|11/09/1969|RightHanded
INA|15/02/2000|N/A
ZAM|10/02/2004|N/A
FRA|26/04/1995|N/A
JAM|29/08/1993|N/A
MAS|18/04/1996|N/A
BEL|20/03/1993|N/A
EST|30/08/1996|N/A
RUS|28/11/1998|N/A
TUR|01/01/2003|N/A
INA|21/03/2005|N/A
INA|02/07/1998|N/A
INA|06/11/2003|N/A
GER|23/01/1995|RightHanded
RUS|30/06/1986|N/A
JPN|01/11/1974|N/A
NGR|14/02/1990|N/A
NGR|26/03/2001|N/A
RUS|N/A|N/A
INA|31/01/2003|N/A
LAT|08/05/1996|N/A
CZE|02/08/2003|N/A
CZE|27/08/2000|N/A
GER|20/04/1946|N/A
SWE|20/06/1987|RightHanded
DEN|02/02/1999|N/A
DEN|23/03/1995|N/A
NOR|10/06/1996|N/A
LTU|21/05/1997|N/A
ISL|21/01/1998|N/A
ISL|03/05/2002|N/A
DEN|12/03/1997|RightHanded
DEN|15/07/1994|N/A
IRI|N/A|N/A
ETH|07/08/1996|N/A
INA|02/07/1995|N/A
RUS|23/09/1974|N/A
INA|12/04/2000|N/A
NGR|28/12/1995|N/A
DEN|11/05/1995|N/A
TUR|14/07/1998|N/A
SWE|22/07/1998|N/A
SWE|19/11/1948|N/A
UGA|22/12/1983|RightHanded
NOR|20/05/1997|N/A
SWE|22/04/2001|N/A
FIN|10/10/1990|N/A
TUR|09/01/1999|N/A
THA|28/08/1997|N/A
MAR|26/03/2000|N/A
EGY|N/A|N/A
MAR|26/09/1997|N/A
MAR|01/01/1980|N/A
MAR|27/03/1999|N/A
MAR|30/05/1996|N/A
INA|06/01/1996|N/A
EGY|10/10/1990|N/A
MAR|27/09/1996|N/A
MAR|17/06/2002|N/A
MAR|14/03/1996|N/A
EGY|12/04/1993|N/A
AUT|25/11/1971|N/A
RUS|07/05/2001|N/A
IND|20/07/1999|N/A
IND|18/09/1988|N/A
ISR|27/09/1994|N/A
ISR|27/09/1994|N/A
INA|05/06/2003|N/A
DEN|15/08/1989|N/A
DEN|09/09/1998|N/A
INA|16/02/2003|N/A
GRE|30/11/2001|N/A
HUN|19/01/1993|N/A
TUR|28/06/2000|N/A
NGR|27/02/1989|N/A
INA|10/05/2004|N/A
SUI|01/09/1998|N/A
EGY|04/02/1998|N/A
INA|08/09/2000|N/A
MAR|09/03/1995|N/A
MAR|14/03/1997|N/A
ISL|N/A|N/A
TOG|09/12/1990|N/A
ETH|05/07/1996|N/A
INA|24/01/1995|N/A
ENG|24/04/1964|N/A
WAL|05/04/1997|N/A
ISL|29/12/2001|RightHanded
CYP|20/11/1998|N/A
CYP|03/09/1997|N/A
NOR|05/07/2000|N/A
RSA|26/01/2000|N/A
ENG|14/10/1990|N/A
AUS|15/01/1999|N/A
NZL|N/A|RightHanded
ENG|14/09/1989|RightHanded
NZL|N/A|N/A
ENG|21/01/1987|RightHanded
MAR|01/01/1980|N/A
INA|24/09/2000|N/A
ETH|08/07/1999|N/A
INA|12/07/2005|N/A
EGY|24/05/2001|N/A
EGY|23/07/2000|N/A
GLD|24/07/1986|N/A
ENG|12/10/1944|N/A
BEL|21/04/1989|N/A
EGY|19/09/1990|RightHanded
KAZ|30/10/2000|N/A
DEN|25/01/1958|N/A
ENG|11/02/1949|N/A
RUS|08/07/1960|N/A
VEN|25/03/1997|N/A
INA|23/02/1993|N/A
EGY|11/12/1994|N/A
EGY|01/05/1996|N/A
MRI|30/01/2004|N/A
SWE|09/10/2000|N/A
SWE|09/01/1990|N/A
USA|N/A|N/A
POL|12/04/1994|N/A
ENG|06/06/1950|RightHanded
FIN|12/04/2002|N/A
FIN|07/03/1967|N/A
UGA|17/08/2003|N/A
ETH|10/07/1996|N/A
JPN|05/08/2004|N/A
JPN|14/09/2003|N/A
JPN|16/12/1986|RightHanded
INA|25/08/1996|N/A
MAS|16/01/1997|N/A
MAS|21/10/2000|N/A
MAS|23/10/2000|N/A
SGP|01/08/2006|N/A
DEN|28/08/1969|N/A
GER|24/04/1969|N/A
DEN|17/04/1997|N/A
TUR|26/10/2001|N/A
MGL|11/03/2004|N/A
MGL|27/03/2003|N/A
MGL|04/10/2002|N/A
MGL|22/05/1986|N/A
MGL|23/08/1988|N/A
MGL|01/10/1998|N/A
MGL|12/08/1994|N/A
MGL|12/07/2002|N/A
MGL|09/01/2002|N/A
NZL|24/08/1989|N/A
INA|10/11/2002|N/A
KOR|26/07/2002|N/A
KOR|01/05/2001|N/A
KOR|08/09/1991|N/A
KOR|06/06/1993|N/A
MAS|02/11/2000|N/A
TUR|03/01/1998|N/A
INA|26/03/1997|N/A
GER|18/09/1996|N/A
TUR|01/01/2001|N/A
TUR|18/04/2005|N/A
TUR|23/06/2001|N/A
MGL|30/06/1999|N/A
MGL|19/09/2004|N/A
MGL|18/09/2000|N/A
MGL|23/05/2004|N/A
TUR|03/03/1998|N/A
TUR|23/02/2002|N/A
TUR|23/02/2002|N/A
CZE|20/06/2003|N/A
INA|10/02/2001|N/A
INA|09/05/2003|N/A
INA|03/09/1998|N/A
SWE|22/12/1957|N/A
DEN|15/01/1999|N/A
FRO|23/05/1998|N/A
SWE|19/10/1946|N/A
DEN|02/11/1999|N/A
ISL|11/05/1994|N/A
SWE|17/02/2000|N/A
SWE|N/A|N/A
SWE|18/08/2001|N/A
SWE|20/01/1994|N/A
MGL|27/08/2001|N/A
MGL|15/08/2000|N/A
ISL|01/01/1980|N/A
RUS|27/06/1994|N/A
INA|09/11/1995|N/A
UZB|02/08/2003|N/A
INA|28/12/1997|N/A
ETH|31/01/1988|N/A
KAZ|11/09/2005|N/A
GER|22/11/1970|N/A
DEN|15/02/1999|N/A
TUR|03/10/1960|N/A
CYP|21/11/2000|N/A
MAR|21/09/2001|N/A
MAR|31/01/1995|N/A
MAR|27/12/1996|N/A
MAR|07/06/1999|N/A
MAR|01/01/1980|N/A
INA|01/01/1998|N/A
INA|07/08/1997|N/A
RUS|27/02/2002|N/A
TUR|08/02/2004|N/A
INA|02/08/1960|RightHanded
AUT|12/01/1996|N/A
AUT|09/07/1999|N/A
INA|15/02/2004|N/A
PHI|23/08/1993|RightHanded
UZB|18/09/2001|N/A
IRI|12/07/2001|N/A
IRI|06/06/1989|N/A
EST|04/12/2000|N/A
IRI|N/A|N/A
NOR|15/05/1969|RightHanded
FRA|02/07/1986|N/A
DEN|26/04/2001|N/A
NOR|27/10/1997|N/A
DOM|27/06/1997|N/A
MEX|29/09/1998|N/A
TTO|09/02/1991|N/A
MEX|10/07/1998|N/A
GUA|29/04/1996|N/A
NCL|02/12/1994|N/A
NCL|26/01/1987|N/A
MEX|16/03/2002|N/A
MRI|09/01/1982|N/A
EGY|13/07/1997|N/A
EGY|04/03/1998|N/A
CIV|01/01/2000|N/A
PHI|28/01/1990|RightHanded
COL|06/02/2000|N/A
ETH|14/07/1996|N/A
DOM|29/08/1991|N/A
ESP|19/09/1945|N/A
ZAM|17/12/1998|N/A
GUA|09/10/1997|N/A
POR|13/01/1997|N/A
IND|21/05/1974|N/A
BEL|24/03/1992|N/A
JPN|10/04/1958|N/A
JPN|N/A|N/A
FIN|23/03/1999|N/A
CIV|25/10/2004|N/A
SIN|27/10/1999|N/A
SIN|30/07/2001|N/A
FRA|04/05/1991|N/A
ROU|12/08/1997|N/A
GER|21/10/2003|N/A
NZL|N/A|N/A
CYP|20/10/2000|N/A
CYP|19/08/1997|N/A
CAN|05/12/2000|N/A
IRL|24/11/1957|N/A
ENG|27/10/1993|N/A
IRL|26/09/1987|N/A
IRL|16/09/1946|N/A
RUS|19/04/1996|N/A
KAZ|21/08/1997|N/A
CMR|28/11/1979|N/A
MAS|18/02/2005|N/A
ETH|11/02/1994|N/A
ISL|17/05/2000|N/A
FAL|18/07/1977|RightHanded
FRO|29/09/1988|N/A
DEN|07/05/1941|N/A
INA|30/10/1997|N/A
EGY|19/12/1995|N/A
IND|01/03/1949|N/A
DEN|10/03/2001|N/A
NOR|08/05/1998|N/A
NED|09/02/1964|N/A
SWE|29/07/1986|N/A
BEN|11/02/2003|N/A
FRA|30/07/1966|N/A
INA|28/11/2000|N/A
INA|26/01/1998|N/A
INA|07/01/2000|N/A
INA|06/03/2003|N/A
INA|28/01/2000|N/A
INA|02/07/1990|N/A
INA|26/07/2005|N/A
INA|23/08/2001|N/A
INA|06/05/2004|N/A
NGR|02/01/1988|N/A
INA|19/12/2001|N/A
IND|05/11/1976|N/A
DEN|03/09/1995|N/A
NGR|N/A|N/A
NGR|N/A|N/A
IRI|05/12/1995|N/A
INA|12/03/1998|N/A
INA|17/01/2002|N/A
RSA|30/03/1987|N/A
BEN|23/04/2017|N/A
DEN|19/07/1951|N/A
SUI|31/08/1972|N/A
INA|12/12/2002|N/A
INA|04/10/2003|N/A
IND|08/11/1993|N/A
UGA|N/A|N/A
INA|23/09/1994|N/A
INA|03/06/1999|N/A
INA|22/02/2002|N/A
INA|03/08/2004|N/A
INA|24/08/2005|N/A
INA|06/08/2001|N/A
KAZ|14/10/1998|N/A
THA|03/10/2003|N/A
FRA|29/08/1999|N/A
DEN|17/06/1994|N/A
ITA|09/09/2001|N/A
BEL|03/07/1998|N/A
FRA|19/11/1966|N/A
IRL|25/07/2002|N/A
UKR|21/09/1968|N/A
CHN|15/06/1999|N/A
CHN|13/02/1995|N/A
TPE|28/12/2002|N/A
AUS|19/10/1995|N/A
RSA|27/06/1958|N/A
NZL|26/07/2004|N/A
HKG|27/01/1997|N/A
AUS|09/09/1999|N/A
AUS|10/07/1996|N/A
TPE|28/12/2002|N/A
TPE|20/01/1987|N/A
DOM|05/02/1993|N/A
INA|18/01/1989|RightHanded
NZL|06/02/1993|N/A
TPE|31/03/2002|N/A
SUI|09/07/1993|RightHanded
BEN|16/09/2003|N/A
BAR|13/03/1996|N/A
AFG|19/09/1999|N/A
INA|17/11/1998|N/A
INA|17/08/2004|N/A
IRI|N/A|N/A
INA|12/05/2005|N/A
INA|06/10/2003|N/A
BRA|14/05/1999|N/A
POR|22/11/1995|N/A
BRA|03/01/2002|N/A
BRA|08/05/2000|N/A
BRA|12/03/1996|N/A
AUS|08/03/1986|N/A
INA|01/01/1980|N/A
INA|29/03/2005|N/A
ENG|27/09/1996|N/A
SCO|21/05/2000|N/A
AUT|12/05/1954|RightHanded
IND|02/06/2003|N/A
GRE|15/08/1991|N/A
INA|11/01/1992|N/A
GER|20/02/1999|N/A
INA|10/03/2003|N/A
INA|22/02/2003|N/A
INA|14/05/2002|N/A
INA|10/09/2002|N/A
INA|08/08/2006|N/A
ESP|11/04/2001|N/A
RUS|25/03/2002|N/A
INA|08/11/1997|N/A
INA|07/06/1999|N/A
INA|04/06/1998|N/A
INA|15/09/2002|N/A
TGA|05/09/1997|N/A
CMR|12/09/1985|N/A
FRA|19/10/2000|N/A
FRA|29/05/1997|RightHanded
INA|17/11/2000|N/A
INA|09/01/2003|N/A
INA|02/01/2002|N/A
INA|19/08/1996|N/A
INA|05/02/1998|N/A
INA|02/05/2004|N/A
INA|08/07/2001|N/A
INA|05/01/2001|N/A
INA|31/01/1999|N/A
INA|N/A|N/A
INA|20/07/2004|N/A
INA|05/01/2001|N/A
INA|15/10/1997|N/A
MAS|25/11/1992|N/A
INA|10/04/2005|N/A
INA|07/06/1997|N/A
RUS|23/05/2003|N/A
INA|15/09/1995|N/A
INA|05/05/2004|N/A
IRI|06/01/2001|N/A
KAZ|13/02/2003|N/A
THA|13/07/1995|N/A
INA|02/02/2003|N/A
INA|23/02/2001|N/A
INA|09/02/2004|N/A
INA|26/02/2001|N/A
INA|27/02/2002|N/A
INA|06/02/1998|N/A
INA|06/02/1999|N/A
INA|28/02/1995|N/A
INA|10/08/1995|N/A
PAN|05/03/2000|N/A
RUS|26/04/1972|N/A
RUS|12/02/1999|N/A
KAZ|17/08/2005|N/A
KAZ|14/08/2004|N/A
RUS|27/01/1999|N/A
IRL|06/01/2002|N/A
GER|18/11/1999|N/A
IRI|01/01/1998|N/A
SWE|29/12/1972|N/A
POL|09/10/1999|N/A
GER|18/11/1967|N/A
TPE|06/10/1965|RightHanded
CHN|19/12/1998|N/A
CAN|10/06/2001|N/A
NZL|29/12/1996|N/A
CHN|16/07/2002|N/A
CHN|13/02/2001|N/A
NZL|07/09/2001|N/A
TPE|N/A|N/A
SRI|29/11/1952|N/A
INA|22/04/2005|N/A
INA|04/08/2003|N/A
INA|21/01/2001|N/A
TUR|08/02/1994|N/A
SWE|08/08/1967|N/A
IRL|24/12/2001|N/A
SLO|30/06/1996|N/A
INA|17/07/2002|N/A
ZIM|25/05/1982|N/A
ZIM|14/08/1978|N/A
POR|02/04/1996|N/A
BRA|22/07/1991|N/A
POR|28/01/2000|N/A
POR|09/09/2001|N/A
POR|05/09/2002|N/A
ARG|17/07/2001|N/A
ESP|03/03/2002|N/A
ESP|23/02/1992|N/A
ESP|24/05/1992|N/A
ESP|10/11/1996|N/A
ESP|28/12/2003|N/A
CUB|01/01/1980|N/A
ESP|08/05/1990|N/A
ESP|13/03/1992|N/A
INA|29/07/2005|N/A
SRI|28/06/1976|N/A
SRI|N/A|N/A
SRI|23/11/1991|N/A
INA|09/10/2001|N/A
SRI|27/04/2000|N/A
SRI|18/10/2001|N/A
SRI|N/A|N/A
INA|07/06/2000|N/A
DEN|10/01/2001|N/A
GER|18/06/1998|N/A
FRA|04/10/1973|N/A
SUI|24/03/1957|N/A
POR|19/02/1998|N/A
BRA|08/07/1998|N/A
POR|07/10/1999|N/A
POR|12/08/2000|N/A
POR|25/01/1995|N/A
POR|09/10/1998|N/A
POR|29/11/1999|N/A
POR|23/01/1996|N/A
RSA|03/05/1951|N/A
POR|22/05/2000|N/A
NCL|18/03/1991|N/A
CUB|20/09/2002|N/A
CUB|06/02/1996|N/A
FRA|15/05/1999|N/A
IRL|21/05/1996|N/A
CHI|18/08/1996|N/A
IRI|N/A|N/A
FIJ|25/08/1995|N/A
INA|04/08/1999|N/A
CZE|23/07/1998|N/A
DEN|21/05/1998|N/A
RSA|12/11/1955|N/A
GER|02/02/1961|N/A
POR|29/09/1999|N/A
POR|09/04/1998|N/A
PUR|19/11/1996|N/A
INA|15/11/1999|N/A
INA|03/01/2002|N/A
INA|16/11/1999|N/A
SVK|N/A|N/A
ROU|14/02/1998|N/A
KAZ|09/09/1993|N/A
UKR|27/05/2001|N/A
BLR|03/12/1997|N/A
POL|01/03/2003|N/A
RUS|13/04/2002|N/A
INA|25/01/2005|N/A
INA|05/12/2001|N/A
SUI|21/02/1997|N/A
SCO|09/06/1997|N/A
AUS|N/A|N/A
AUS|08/02/1991|N/A
SCO|11/01/1994|RightHanded
GER|19/12/1968|N/A
ITA|14/11/2002|N/A
ISL|23/05/1995|N/A
DEN|14/03/1998|N/A
DEN|22/01/1995|N/A
IRL|20/11/1996|N/A
DEN|15/07/1997|N/A
ISL|19/06/1997|N/A
MLT|09/06/1987|N/A
BRA|26/02/1978|N/A
ITA|15/02/1997|N/A
INA|16/12/1986|RightHanded
INA|18/04/2002|N/A
INA|27/02/2004|N/A
ETH|19/04/1988|N/A
INA|29/03/1999|N/A
INA|10/11/2001|N/A
INA|15/11/1998|N/A
INA|25/04/1997|N/A
INA|29/11/1999|N/A
INA|26/09/2001|N/A
INA|18/01/1997|N/A
INA|26/07/1999|N/A
INA|24/07/2004|N/A
INA|02/03/2005|N/A
ENG|16/09/1947|N/A
GER|23/04/2002|N/A
AUT|06/06/1966|N/A
SUI|N/A|N/A
GER|30/03/1999|N/A
GER|04/05/2000|N/A
DEN|29/06/1997|N/A
DEN|23/11/1978|LeftHanded
DEN|09/01/1997|N/A
ETH|27/08/1993|N/A
RUS|13/07/1994|N/A
INA|18/11/2004|N/A
INA|19/01/1995|N/A
INA|15/05/2005|N/A
INA|25/01/2000|N/A
INA|27/12/1998|N/A
INA|28/12/2000|N/A
INA|21/03/1993|N/A
INA|16/11/2002|N/A
GER|29/10/1995|N/A
NOR|25/06/1997|N/A
DEN|11/10/1956|RightHanded
DEN|30/01/1992|N/A
IRL|18/08/1998|N/A
IRL|10/07/2000|N/A
GER|01/03/1994|N/A
TTO|03/11/1994|N/A
FRA|11/01/1959|N/A
DEN|27/08/1999|N/A
DEN|16/03/1997|N/A
DEN|04/07/1996|N/A
SUI|18/12/1979|N/A
CAN|25/02/1993|N/A
DEN|21/12/1996|N/A
SLO|08/09/1992|N/A
SCO|22/03/2002|N/A
INA|22/04/1997|N/A
GUA|01/02/2001|N/A
PER|09/02/2003|N/A
PER|06/07/2001|N/A
CZE|27/04/1987|N/A
DOM|04/08/2000|N/A
ENG|03/09/1952|N/A
GER|06/04/1968|N/A
IRL|15/03/2002|N/A
IRL|12/07/1999|N/A
ENG|17/04/1998|N/A
EGY|31/12/2002|N/A
ITA|22/12/2000|N/A
USA|30/10/1956|N/A
CAN|01/01/1980|N/A
POR|31/08/1999|N/A
SVK|16/08/1995|N/A
LTU|10/12/1997|RightHanded
NZL|10/01/1999|N/A
MAS|16/08/2002|N/A
AUS|08/01/1983|N/A
MAS|04/08/2000|N/A
FIJ|23/12/1999|N/A
FIJ|26/01/2003|N/A
NZL|01/09/1998|N/A
BRA|13/02/1997|N/A
POR|12/03/1998|N/A
SRI|19/10/1995|N/A
WAL|22/02/1993|N/A
FRA|24/03/1992|RightHanded
FRA|15/03/1992|N/A
FRA|31/08/1996|N/A
SWE|28/05/1987|N/A
SGP|12/08/2005|N/A
MAS|25/12/1945|N/A
MAS|24/03/2003|N/A
SGP|22/01/2000|N/A
MRI|29/03/1993|LeftHanded
MAS|08/01/2000|N/A
PUR|09/12/1993|N/A
ENG|02/03/1948|N/A
SWE|27/01/1994|N/A
SWE|15/05/1955|N/A
FIN|08/04/2001|N/A
SWE|17/12/1993|N/A
POR|19/12/1997|N/A
ROU|06/11/1968|N/A
INA|16/10/2003|N/A
POL|19/09/2000|N/A
NOR|20/04/1994|N/A
ENG|04/10/1967|N/A
BAR|25/03/1996|N/A
CAN|07/11/1942|N/A
FRA|08/09/2002|N/A
FRA|28/12/1962|N/A
NZL|06/12/1990|N/A
IRL|01/10/2003|N/A
ENG|N/A|N/A
GRE|20/10/2001|N/A
GER|15/01/1950|N/A
FRA|23/02/1959|N/A
SCO|19/01/1942|RightHanded
JAM|10/05/1985|N/A
ENG|28/09/1957|N/A
PHI|14/01/1998|N/A
MEX|31/03/2002|N/A
ESP|05/05/2002|N/A
MEX|29/08/2004|N/A
MRI|30/01/2004|N/A
FRA|17/05/1990|N/A
SUI|28/03/2002|N/A
POL|02/03/2002|N/A
CZE|12/02/2002|N/A
CYP|14/09/2000|N/A
SLO|12/07/2002|N/A
FRA|26/11/1998|N/A
GER|29/10/1941|N/A
NED|28/02/1992|N/A
AUT|13/02/1990|N/A
NCL|12/02/1986|N/A
CAN|15/10/1945|N/A
VEN|19/11/1998|N/A
VEN|10/02/1995|N/A
SWE|26/05/2001|N/A
ENG|24/10/1979|N/A
ENG|20/02/2002|N/A
MEX|20/08/2003|N/A
ETH|12/08/2000|N/A
BRA|08/04/1995|N/A
USA|20/04/1998|N/A
GER|16/05/1956|N/A
SUI|16/06/1992|N/A
DOM|01/01/1980|N/A
DOM|05/02/1998|N/A
GER|25/04/1956|N/A
GER|08/10/1958|N/A
INA|04/07/2002|N/A
GER|04/12/1957|N/A
DEN|22/03/1999|N/A
SWE|07/12/2001|N/A
ENG|29/06/1998|N/A
CZE|19/09/1999|N/A
INA|30/01/1999|N/A
FRO|27/04/2000|N/A
AUT|05/05/1996|N/A
CZE|15/03/1980|RightHanded
UKR|09/12/2004|N/A
POL|31/12/1999|N/A
AUT|16/08/2001|RightHanded
DEN|28/02/1996|N/A
IRL|09/11/1998|N/A
DEN|11/05/1995|RightHanded
FRA|11/09/1990|N/A
RSA|24/03/1989|RightHanded
RSA|09/06/1963|N/A
USA|07/07/1997|N/A
NZL|04/08/1999|N/A
SIN|27/06/1990|N/A
CHN|02/01/1984|LeftHanded
CHN|17/02/1998|N/A
BAN|29/12/1992|N/A
GER|22/04/1982|RightHanded
FRA|26/11/1979|N/A
SUI|09/11/1965|N/A
CZE|27/10/1999|RightHanded
UKR|21/03/2003|N/A
GUA|03/03/1997|N/A
GUA|03/03/1999|N/A
DEN|10/04/1996|N/A
DEN|23/03/1999|N/A
INA|05/05/2005|N/A
JPN|26/08/1994|N/A
JPN|22/04/2003|N/A
JPN|23/06/1959|N/A
CZE|08/04/2000|N/A
JPN|01/04/1988|N/A
JPN|13/09/2001|N/A
JPN|03/03/1992|RightHanded
JPN|13/04/2000|N/A
JPN|10/06/1993|N/A
JPN|27/01/1954|N/A
JPN|06/05/1993|N/A
IRL|08/12/1999|N/A
JPN|11/10/1998|N/A
CAN|25/02/1996|N/A
ENG|22/03/1998|N/A
AUS|01/10/2001|N/A
DEN|11/08/1993|N/A
TTO|11/08/2000|N/A
SUI|22/07/1997|N/A
SUI|07/05/1996|N/A
CZE|01/07/2003|N/A
JPN|25/03/1946|N/A
JPN|29/08/1950|N/A
IRL|16/05/1997|N/A
DEN|06/11/1994|N/A
DEN|20/12/1948|N/A
SUI|N/A|N/A
CYP|30/05/2005|N/A
IND|27/08/1994|N/A
IND|04/03/1989|N/A
DEN|27/03/1998|N/A
SUI|01/02/1980|N/A
ESP|13/10/1996|N/A
NGR|N/A|RightHanded
GER|20/09/1942|N/A
INA|06/04/2000|N/A
INA|17/03/2001|N/A
POL|17/03/2000|N/A
PHI|07/09/1998|N/A
ZIM|23/09/2000|N/A
IND|26/03/1997|N/A
IND|01/06/1972|N/A
PHI|08/08/1989|N/A
POL|06/08/1999|N/A
IND|17/10/1990|RightHanded
IND|02/10/1999|N/A
BOT|01/01/1995|N/A
ENG|24/08/1958|N/A
FRA|24/04/2001|N/A
UKR|08/10/1997|N/A
MEX|07/08/1996|N/A
MEX|13/08/2002|N/A
HUN|02/12/1997|N/A
POL|02/09/2005|N/A
POL|30/08/1999|N/A
POL|23/05/2004|N/A
IND|26/12/1997|N/A
POL|10/12/1994|N/A
KEN|N/A|N/A
HUN|06/05/1968|N/A
SRI|10/01/1954|N/A
SRI|10/12/1999|N/A
AZE|11/06/1988|N/A
POL|24/03/2001|N/A
MGL|16/02/2001|N/A
CAN|12/06/1999|N/A
CRO|25/05/1997|N/A
RUS|27/01/2002|N/A
ESP|14/04/1996|N/A
RUS|30/09/2003|N/A
FRA|07/04/1998|N/A
INA|02/02/1995|N/A
CRO|26/08/1997|N/A
ESP|29/11/1992|N/A
ARG|16/09/2003|N/A
COL|11/12/2000|N/A
IRL|24/11/1998|N/A
ESP|08/06/1965|N/A
AUT|17/07/1974|N/A
MGL|07/06/2004|N/A
UKR|29/01/1995|N/A
ISR|15/06/1999|N/A
POR|11/12/2001|N/A
GRE|N/A|N/A
NZL|28/02/1999|N/A
ESP|N/A|N/A
ESP|07/10/2001|N/A
NZL|04/06/1991|N/A
ESP|04/02/1993|N/A
UKR|27/08/2001|N/A
SRI|16/05/1971|N/A
EGY|12/08/2003|N/A
COL|24/12/1994|N/A
ESA|09/09/1996|N/A
MAS|25/01/1957|N/A
SGP|04/03/2002|N/A
MAS|N/A|N/A
AUS|31/08/1990|N/A
MAS|10/03/2001|N/A
MGL|09/07/2000|N/A
IND|28/04/1979|N/A
BUL|01/08/2001|N/A
FRA|27/06/2001|N/A
BRA|01/01/1980|N/A
ITA|25/11/2003|N/A
IND|14/01/2004|N/A
NZL|14/03/1994|N/A
BUL|08/04/1962|N/A
KOR|22/06/2001|N/A
KOR|29/06/2004|N/A
FRA|16/03/1998|N/A
IND|24/04/1998|N/A
IND|06/03/1953|N/A
BEN|31/08/2000|N/A
INA|11/02/2000|N/A
UZB|08/09/2003|N/A
UZB|18/10/2003|N/A
GER|10/12/1996|N/A
IRL|N/A|RightHanded
IRL|16/12/1998|N/A
IRL|27/06/1999|N/A
IRL|26/03/2001|N/A
BEN|11/12/1995|N/A
MGL|05/01/2003|N/A
CHN|28/09/1996|N/A
CAN|17/10/1989|RightHanded
CHN|29/09/1998|RightHanded
SCO|14/01/1976|RightHanded
CHN|01/01/1990|N/A
CHN|28/09/1996|N/A
CHN|07/05/1998|N/A
CHN|29/05/1999|N/A
CHN|08/02/1995|N/A
IND|15/03/2000|N/A
UZB|15/08/2006|N/A
DEN|06/04/1942|N/A
DOM|09/10/1998|N/A
MEX|22/07/1998|N/A
TTO|09/10/1986|N/A
GUA|N/A|N/A
ESP|05/07/1970|N/A
COL|16/09/2002|N/A
ESA|28/08/1997|N/A
ESP|11/01/2000|N/A
ESP|16/03/2000|N/A
PER|N/A|N/A
DOM|27/05/1999|N/A
GUA|19/11/1996|N/A
VEN|13/03/1995|N/A
MEX|18/05/2001|N/A
MEX|30/09/1963|N/A
CUB|04/03/2000|N/A
USA|23/02/1955|N/A
AUT|12/03/2002|N/A
PER|09/03/1999|N/A
RUS|14/09/2001|N/A
BUL|22/10/1995|N/A
ENG|01/02/1995|N/A
IND|22/09/1998|N/A
BUL|09/04/2000|N/A
ITA|24/06/1998|RightHanded
UKR|17/08/1992|N/A
ARG|07/04/1985|N/A
ARG|09/09/1991|N/A
WAL|06/08/1984|N/A
ENG|13/02/1995|N/A
COL|10/01/1980|N/A
ENG|05/08/1945|N/A
ENG|05/08/1945|N/A
DOM|20/07/2004|N/A
MEX|10/05/1996|N/A
CAN|14/08/1999|N/A
MEX|12/12/1996|N/A
MEX|01/06/2000|N/A
BAR|10/09/1999|N/A
BEL|14/09/1984|N/A
INA|05/07/2000|N/A
POL|23/06/1942|N/A
SWE|26/06/1971|N/A
THA|28/04/2001|N/A
TUR|23/03/1977|N/A
THA|29/07/1997|N/A
IRL|05/02/1996|N/A
IND|23/05/1969|N/A
GER|17/10/2002|N/A
NEP|18/04/1993|N/A
FRA|03/07/2001|N/A
FRA|26/12/2002|N/A
SUI|17/06/1967|N/A
NZL|26/05/1996|N/A
IRL|06/10/1963|N/A
CAN|01/01/1990|N/A
MRI|17/10/2000|N/A
IND|18/04/1998|N/A
IND|18/11/1993|N/A
IND|07/11/2000|N/A
INA|28/06/2000|N/A
CZE|12/09/1988|RightHanded
FRA|06/07/2002|N/A
AUS|26/09/2000|N/A
GER|14/08/1969|N/A
GGY|03/08/1984|N/A
MAS|02/12/1997|N/A
ESP|14/05/2001|N/A
INA|01/01/1999|N/A
UKR|29/04/1960|N/A
HUN|02/10/1968|RightHanded
ETH|01/01/1980|N/A
LTU|04/04/1995|N/A
SIN|28/02/2002|N/A
BEL|18/11/2003|N/A
ISR|31/01/1982|LeftHanded
INA|27/11/1993|N/A
GER|30/01/1972|RightHanded
DEN|10/09/1964|N/A
GER|29/11/1997|N/A
GER|20/03/2002|N/A
ISR|04/03/2000|N/A
DEN|11/01/1997|RightHanded
TUR|30/01/2003|N/A
CAN|25/01/1997|N/A
MAS|11/06/1997|N/A
MAS|11/06/1997|N/A
REU|30/09/1989|N/A
RSA|19/03/2001|N/A
LUX|19/03/2002|N/A
GER|N/A|N/A
GRE|N/A|RightHanded
IND|13/08/1995|N/A
IND|11/02/2000|N/A
ENG|N/A|N/A
IND|30/05/1970|N/A
IND|08/11/1995|N/A
IND|05/05/1948|N/A
IND|12/04/1963|N/A
GRE|07/11/1994|N/A
BUL|05/02/1965|N/A
BUL|10/12/1996|N/A
IND|27/12/1972|N/A
PHI|30/11/1994|N/A
INA|03/03/2005|N/A
INA|11/02/2005|N/A
GRE|23/11/1998|N/A
BEL|01/04/1999|N/A
SUI|02/08/2001|N/A
SUI|25/03/1999|N/A
GER|26/07/1997|N/A
SVK|15/12/1994|N/A
RUS|14/05/1996|N/A
GER|04/07/2000|N/A
PHI|03/10/2000|N/A
GER|06/04/1941|N/A
GER|04/02/1942|N/A
AUS|12/08/1996|N/A
FRA|14/07/1969|N/A
ESP|06/10/1999|N/A
ETH|01/03/1997|N/A
BUL|N/A|N/A
IRL|20/02/1997|N/A
IRL|31/07/1997|N/A
PHI|02/03/1999|N/A
FRA|02/02/1996|N/A
IRI|22/10/2000|N/A
IND|30/08/1941|N/A
INA|10/09/2002|N/A
INA|05/09/1998|N/A
IRQ|01/01/1996|N/A
AFG|05/05/2001|N/A
ALG|16/03/1997|N/A
IND|11/01/1962|N/A
RUS|13/08/1996|N/A
RUS|08/01/1998|N/A
SEY|20/03/1992|N/A
ROU|17/03/2002|N/A
MAR|N/A|N/A
DEN|08/01/2002|N/A
SWE|23/11/1998|N/A
IND|05/11/1992|N/A
IND|31/01/1996|N/A
IND|13/06/1997|N/A
IND|23/07/1995|N/A
INA|21/03/2002|N/A
AFG|01/01/1980|N/A
LUX|15/09/1995|N/A
IRL|17/02/1997|N/A
AUS|N/A|N/A
ENG|21/03/1944|N/A
FRA|12/01/1999|RightHanded
INA|09/03/1991|N/A
CAN|14/02/1987|N/A
AUT|02/11/1996|RightHanded
SUI|28/05/1996|N/A
ITA|21/03/1999|N/A
COL|30/08/2000|N/A
COL|16/02/2003|N/A
KOR|08/07/1999|N/A
ESP|17/07/1996|N/A
INA|17/10/2002|N/A
FRA|28/04/1951|N/A
AUS|N/A|N/A
ENG|31/03/1994|N/A
ENG|09/04/1969|N/A
BRA|26/07/1999|N/A
IND|25/01/1982|N/A
IND|03/01/1956|N/A
ENG|10/12/1948|N/A
ENG|29/08/1962|N/A
FRA|28/08/1967|N/A
FRA|26/10/1980|N/A
CAN|25/08/1964|N/A
AUS|N/A|RightHanded
SCO|N/A|N/A
BEL|31/03/1987|N/A
ISR|01/01/1991|N/A
KAZ|28/02/2005|N/A
SCO|21/09/1993|RightHanded
USA|20/08/1997|N/A
BRA|25/06/1996|N/A
INA|05/06/1999|N/A
MDA|22/04/2001|N/A
INA|11/05/1996|N/A
INA|27/03/1994|N/A
COL|15/11/1999|N/A
COL|30/05/2002|N/A
CAN|23/02/1994|N/A
POL|23/10/1999|N/A
NEP|26/02/1993|N/A
SUI|20/10/1986|N/A
COL|19/08/2000|N/A
ROU|04/04/1999|N/A
ISL|28/01/1998|N/A
KEN|23/08/1994|N/A
KEN|19/11/1982|N/A
PYF|04/07/1995|N/A
ITA|07/09/2000|N/A
CAN|05/10/1990|RightHanded
PHI|28/02/1998|N/A
DEN|11/05/1950|N/A
GRE|24/12/2004|N/A
RUS|07/07/1987|N/A
RUS|03/02/1995|N/A
RUS|28/12/1998|N/A
GER|15/02/1968|N/A
IRL|N/A|N/A
POL|06/02/1998|N/A
DEN|06/03/1939|N/A
FRA|20/06/1963|N/A
POR|04/07/1975|N/A
UGA|24/08/1988|N/A
FRA|08/09/1973|N/A
ETH|14/08/1985|N/A
BUL|23/03/1997|N/A
RUS|15/04/1998|N/A
GER|02/12/1997|N/A
AUT|04/09/1990|N/A
AUT|28/05/1997|N/A
KOR|15/06/2002|N/A
SGP|23/04/2001|N/A
AUS|11/06/2004|N/A
KOR|28/01/1997|N/A
MAS|18/04/2002|N/A
KOR|27/02/2002|N/A
KOR|21/09/1992|RightHanded
